date,facility,borrower_state_clean,principal_amount_of_loan_when_purchased_by_mslp
2020-07-01,MSPLF,WI,12300000
2020-07-14,MSNLF,FL,2000000
2020-07-13,MSPLF,FL,5000000
2020-07-21,MSNLF,FL,5500000
2020-07-16,MSNLF,FL,2500000
2020-07-13,MSPLF,PA,50000000
2020-07-16,MSPLF,FL,2100000
2020-07-16,MSPLF,FL,1500000
2020-07-22,MSNLF,FL,1900000
2020-07-22,MSNLF,FL,1900000
2020-07-15,MSNLF,LA,2000000
2020-07-23,MSPLF,PA,3250000
2020-07-23,MSNLF,TX,2225000
2020-07-30,MSNLF,FL,1500000
2020-07-21,MSNLF,FL,1255000
2020-07-30,MSPLF,FL,950000
2020-07-17,MSPLF,WV,3600000
2020-07-16,MSNLF,NV,10000000
2020-08-03,MSNLF,FL,10000000
2020-07-29,MSNLF,FL,2000000
2020-07-30,MSNLF,FL,2000000
2020-07-20,MSPLF,FL,30000000
2020-07-23,MSNLF,MO,1000000
2020-07-24,MSNLF,MO,1150000
2020-07-20,MSNLF,CA,25000000
2020-07-20,MSNLF,FL,2000000
2020-07-24,MSNLF,MO,4100000
2020-07-31,MSNLF,FL,2011948
2020-08-05,MSNLF,FL,7500000
2020-07-23,MSNLF,IL,3600000
2020-08-04,MSNLF,OK,3570000
2020-07-24,MSPLF,NJ,35000000
2020-07-23,MSPLF,CA,18000000
2020-07-30,MSNLF,FL,4115000
2020-08-07,MSPLF,FL,25000000
2020-08-10,MSPLF,FL,10000000
2020-08-05,MSNLF,FL,7500000
2020-08-04,MSPLF,FL,7280618
2020-08-07,MSNLF,FL,5142188
2020-07-31,MSNLF,PA,594000
2020-07-24,MSNLF,NH,1300000
2020-07-30,MSNLF,FL,644000
2020-08-07,MSNLF,WY,5000000
2020-08-05,MSPLF,FL,4717887
2020-08-06,MSPLF,FL,2661992
2020-08-04,MSNLF,NV,3000000
2020-08-11,MSPLF,NV,23600000
2020-08-07,MSPLF,KY,3649200
2020-07-30,MSNLF,NH,10800000
2020-08-05,MSNLF,TX,6200000
2020-08-12,MSPLF,FL,18500000
2020-08-11,MSNLF,FL,9932178
2020-07-30,MSPLF,TX,8850000
2020-07-28,MSPLF,TX,15000000
2020-08-03,MSPLF,MN,4561168.84
2020-07-24,MSNLF,LA,265000
2020-08-07,MSPLF,FL,650000
2020-08-12,MSPLF,FL,7200000
2020-08-06,MSPLF,NJ,5000000
2020-07-27,MSNLF,NE,3700000
2020-08-12,MSPLF,FL,840711
2020-08-14,MSPLF,FL,1423500
2020-08-11,MSPLF,KY,19072600
2020-08-05,MSPLF,KY,2973900
2020-08-14,MSNLF,FL,650000
2020-08-14,MSPLF,FL,10000000
2020-08-14,MSNLF,NY,8000000
2020-08-14,MSNLF,FL,2400000
2020-08-12,MSPLF,FL,2323000
2020-08-06,MSPLF,KY,16590500
2020-07-30,MSPLF,OK,786681
2020-07-28,MSPLF,TX,35000000
2020-08-14,MSPLF,FL,10000000
2020-07-29,MSPLF,NY,48500000
2020-08-13,MSPLF,TX,19500000
2020-08-14,MSPLF,FL,1250000
2020-08-14,MSNLF,FL,350000
2020-08-03,MSPLF,KS,9000000
2020-08-06,MSPLF,KY,3871100
2020-08-14,MSNLF,FL,4779262
2020-07-31,MSPLF,TX,22000000
2020-08-06,MSPLF,KY,3842420
2020-08-14,MSPLF,UT,3500000
2020-07-29,MSPLF,OK,6348600
2020-08-14,MSPLF,FL,2000000
2020-07-24,MSPLF,OK,1330584
2020-08-04,MSNLF,TX,2250000
2020-08-19,MSPLF,FL,15000000
2020-08-19,MSNLF,FL,510000
2020-08-19,MSNLF,WA,2500000
2020-08-18,MSPLF,FL,1272000
2020-07-22,MSNLF,TX,35000000
2020-08-11,MSNLF,TX,1500000
2020-08-21,MSNLF,FL,1100000
2020-07-29,MSPLF,NE,518000
2020-08-18,MSPLF,DE,50000000
2020-08-19,MSPLF,OK,1920000
2020-08-06,MSPLF,WA,5420000
2020-08-07,MSPLF,IL,50000000
2020-08-13,MSPLF,MS,30000000
2020-08-21,MSNLF,CA,10970000
2020-08-21,MSNLF,FL,3520000
2020-08-18,MSNLF,CA,1134000
2020-08-11,MSNLF,SD,5000000
2020-08-24,MSPLF,FL,10300000
2020-08-24,MSNLF,PA,6500000
2020-08-21,MSNLF,PA,4200000
2020-08-20,MSPLF,TX,3000000
2020-08-24,MSPLF,IL,50000000
2020-08-10,MSNLF,TX,1500000
2020-08-13,MSNLF,LA,1000000
2020-07-31,MSNLF,CA,25000000
2020-08-24,MSNLF,FL,3000000
2020-08-11,MSPLF,CA,4750000
2020-08-04,MSNLF,MA,25000000
2020-08-17,MSELF,PA,71050000
2020-08-14,MSNLF,IL,7400000
2020-08-25,MSELF,TX,11000000
2020-08-21,MSPLF,CO,22271670
2020-08-12,MSNLF,WI,2000000
2020-08-18,MSPLF,LA,1100000
2020-08-25,MSPLF,CA,43350000
2020-08-20,MSPLF,OK,3690336
2020-08-26,MSNLF,FL,1000000
2020-08-11,MSPLF,GA,15000000
2020-08-12,MSNLF,MA,516250
2020-08-24,MSPLF,AR,2000000
2020-08-28,MSPLF,FL,4000000
2020-08-26,MSNLF,FL,2600000
2020-08-30,MSNLF,FL,600000
2020-08-30,MSNLF,FL,890000
2020-08-30,MSNLF,FL,2250000
2020-08-28,MSPLF,FL,1484394
2020-08-31,MSNLF,FL,1000000
2020-08-30,MSNLF,FL,500000
2020-08-21,MSPLF,TX,9670518
2020-08-17,MSPLF,OK,469651
2020-08-18,MSPLF,GA,5927778
2020-08-28,MSNLF,FL,29000000
2020-08-21,MSPLF,OK,4292929
2020-08-30,MSNLF,FL,35000000
2020-07-24,MSPLF,AR,5878609
2020-08-28,MSPLF,FL,9500000
2020-08-30,MSNLF,FL,910000
2020-08-28,MSNLF,FL,700000
2020-07-28,MSNLF,MN,2600000
2020-08-17,MSNLF,CA,4400000
2020-08-20,MSNLF,IL,12000000
2020-08-25,MSNLF,TX,310160
2020-08-28,MSNLF,FL,12382652
2020-08-31,MSPLF,FL,4860000
2020-08-31,MSNLF,CT,22626000
2020-08-28,MSPLF,FL,1250000
2020-08-20,MSPLF,CA,47000000
2020-08-24,MSNLF,CA,250000
2020-08-31,MSPLF,OK,2307216
2020-08-19,MSNLF,TX,500000
2020-09-03,MSPLF,OK,4375470
2020-09-03,MSNLF,OK,612000
2020-08-31,MSNLF,LA,869000
2020-09-02,MSPLF,OK,1206180
2020-08-28,MSPLF,CA,1700000
2020-09-04,MSNLF,NE,750000
2020-08-31,MSNLF,TX,6000000
2020-09-08,MSNLF,PA,35000000
2020-08-27,MSPLF,OK,7931936.46
2020-09-01,MSPLF,CA,2500000
2020-09-11,MSNLF,CO,9400000
2020-07-31,MSNLF,VA,4000000
2020-09-02,MSPLF,TX,29000000
2020-09-04,MSPLF,OK,40800000
2020-08-21,MSPLF,OK,5610000
2020-09-03,MSPLF,FL,8000000
2020-08-28,MSELF,AR,31905000
2020-09-04,MSPLF,TX,3500000
2020-08-28,MSPLF,TX,1250000
2020-08-06,MSNLF,VA,7249000
2020-09-10,MSNLF,OK,2500000
2020-09-14,MSNLF,CA,350000
2020-09-14,MSNLF,CA,14000000
2020-08-28,MSNLF,NY,1500000
2020-09-16,MSPLF,FL,2420000
2020-09-04,MSNLF,VA,14110930
2020-09-03,MSELF,MO,69475000
2020-09-08,MSPLF,CA,2000000
2020-09-10,MSPLF,FL,500000
2020-08-25,MSNLF,CO,5815760
2020-09-16,MSPLF,KY,9200000
2020-09-16,MSPLF,KY,3500000
2020-09-16,MSPLF,FL,50000000
2020-09-01,MSPLF,TX,6750000
2020-09-03,MSPLF,SD,6500000
2020-09-17,MSPLF,CA,4318856
2020-09-17,MSNLF,FL,1000000
2020-09-03,MSPLF,VA,1940000
2020-09-09,MSPLF,SC,2800000
2020-09-09,MSPLF,SC,1200000
2020-09-11,MSPLF,MA,1650000
2020-08-27,MSPLF,NE,10000000
2020-09-11,MSPLF,NY,850000
2020-09-18,MSPLF,TX,35000000
2020-09-18,MSNLF,FL,1780306
2020-09-18,MSNLF,FL,790500
2020-09-18,MSNLF,FL,250000
2020-09-21,MSNLF,FL,379100
2020-09-21,MSNLF,FL,2200000
2020-09-15,MSNLF,CA,7000000
2020-09-11,MSPLF,AZ,27095495
2020-09-09,MSNLF,KS,2647176
2020-09-01,MSPLF,TX,2750000
2020-09-10,MSNLF,MI,600000
2020-09-10,MSNLF,CA,1500000
2020-08-31,MSPLF,CO,48477819
2020-09-15,MSNLF,GA,25000000
2020-09-10,MSPLF,TX,5827494.79
2020-09-21,MSNLF,FL,1200000
2020-08-25,MSNLF,ND,5000000
2020-09-16,MSPLF,OK,7500000
2020-08-18,MSPLF,CA,2711400
2020-09-08,MSNLF,FL,5000000
2020-09-18,MSPLF,FL,4369860
2020-09-17,MSNLF,FL,1076832
2020-09-22,MSPLF,NJ,1910000
2020-09-15,MSNLF,NY,250000
2020-09-01,MSNLF,CA,4500000
2020-09-18,MSPLF,FL,7132100
2020-09-02,MSPLF,FL,4995124
2020-09-23,MSPLF,FL,1500000
2020-09-23,MSPLF,FL,4131372
2020-09-09,MSPLF,OR,6668000
2020-09-03,MSNLF,OR,1500000
2020-09-22,MSPLF,TX,41699582
2020-09-18,MSPLF,KS,3794913
2020-09-21,MSNLF,LA,1105000
2020-09-22,MSPLF,FL,12300000
2020-09-24,MSNLF,MI,9000000
2020-09-24,MSNLF,FL,650000
2020-09-15,MSNLF,LA,2750000
2020-09-24,MSPLF,OR,10962450
2020-09-01,MSPLF,MA,5200000
2020-09-11,MSNLF,OK,424168
2020-09-25,MSPLF,TX,11487122
2020-09-23,MSPLF,FL,901370
2020-09-25,MSPLF,TX,30000000
2020-09-25,MSPLF,TX,25000000
2020-09-22,MSELF,TX,10000000
2020-09-17,MSPLF,IN,40000000
2020-09-24,MSPLF,TX,2034197
2020-09-25,MSPLF,TX,4708213.84
2020-09-25,MSNLF,FL,3000000
2020-09-25,MSPLF,TX,10000000
2020-09-24,MSNLF,FL,5800000
2020-09-23,MSELF,CT,90000000
2020-09-28,MSPLF,TX,8300418
2020-09-25,MSNLF,TX,25000000
2020-09-15,MSPLF,OH,8606600
2020-09-15,MSPLF,OH,16487050
2020-09-24,MSPLF,KS,38895658
2020-09-29,MSNLF,FL,1050000
2020-09-29,MSPLF,FL,7590700
2020-09-30,MSPLF,FL,1629000
2020-09-30,MSPLF,FL,2790000
2020-09-30,MSNLF,FL,2000000
2020-09-25,MSPLF,IA,30580870
2020-09-11,MSPLF,TX,1000000
2020-09-30,MSNLF,FL,1250000
2020-09-30,MSNLF,FL,1500000
2020-09-11,MSNLF,OK,35000000
2020-09-23,MSPLF,CA,35000000
2020-09-15,MSPLF,MN,6500000
2020-09-30,MSPLF,TX,15000000
2020-10-01,MSPLF,FL,8000000
2020-09-25,MSPLF,TX,32400000
2020-09-30,MSPLF,GA,3116640.5
2020-09-30,MSPLF,TX,4000000
2020-10-06,MSNLF,FL,1300000
2020-10-01,MSPLF,TX,782000
2020-08-26,MSELF,IL,20000000
2020-09-24,MSNLF,LA,300000
2020-10-01,MSNLF,UT,1015000
2020-10-02,MSNLF,FL,2000000
2020-10-05,MSPLF,OK,6534871
2020-09-24,MSPLF,CA,530030
2020-09-24,MSPLF,OR,2835228
2020-10-06,MSNLF,FL,300000
2020-09-23,MSPLF,NJ,5000000
2020-09-30,MSPLF,OK,12000000
2020-09-30,MSPLF,TX,5350000
2020-10-02,MSPLF,TX,50000000
2020-09-28,MSPLF,MS,24794866.02
2020-09-30,MSPLF,FL,4454082
2020-09-23,MSPLF,FL,2000000
2020-09-30,MSPLF,IL,5000000
2020-09-28,MSPLF,GA,1150000
2020-10-05,MSPLF,FL,4000000
2020-10-06,MSNLF,FL,10429600
2020-10-05,MSPLF,NJ,4000000
2020-10-05,MSPLF,FL,500000
2020-09-30,MSNLF,MI,850000
2020-10-05,MSNLF,FL,2400000
2020-10-06,MSNLF,NE,1103500
2020-10-07,MSNLF,FL,1000000
2020-10-06,MSNLF,FL,3639980
2020-10-05,MSNLF,FL,1625000
2020-09-23,MSELF,GA,250000000
2020-10-06,MSPLF,NY,15000000
2020-09-24,MSPLF,LA,621000
2020-09-18,MSPLF,OK,3017000
2020-10-05,MSPLF,NJ,2107461
2020-09-29,MSPLF,MN,550000
2020-09-28,MSELF,MO,22000000
2020-10-08,MSPLF,FL,15000000
2020-10-01,MSPLF,TX,2253639.74
2020-10-05,MSNLF,LA,4000000
2020-10-07,MSPLF,TX,9300000
2020-09-29,MSNLF,CA,3750000
2020-10-07,MSPLF,TX,3471850.96
2020-09-24,MSNLF,TX,6283164.11
2020-09-24,MSPLF,WA,6000000
2020-09-25,MSNLF,LA,564000
2020-10-09,MSNLF,CA,5820000
2020-09-29,MSPLF,NY,7000000
2020-09-24,MSPLF,TX,50000000
2020-10-05,MSNLF,MD,2550000
2020-10-05,MSNLF,NY,3500000
2020-10-12,MSPLF,FL,3446356
2020-10-13,MSNLF,PA,5362500
2020-10-06,MSPLF,CA,2645000
2020-10-14,MSPLF,TX,40000000
2020-10-07,MSPLF,UT,14500000
2020-10-07,MSNLF,RI,25000000
2020-10-02,MSNLF,LA,306000
2020-10-02,MSNLF,LA,457000
2020-09-22,MSPLF,KS,774478
2020-10-07,MSNLF,FL,2500000
2020-10-06,MSPLF,TN,30000000
2020-09-30,MSPLF,TX,21511252
2020-10-12,MSPLF,LA,5000000
2020-10-13,MSNLF,FL,468000
2020-10-14,MSPLF,CA,6000000
2020-10-08,MSPLF,MI,7500000
2020-09-28,MSPLF,WA,17000000
2020-10-13,MSPLF,CA,10047000
2020-10-16,MSNLF,FL,627000
2020-10-07,MSPLF,OK,8916330
2020-10-14,MSPLF,FL,460000
2020-10-15,MSNLF,FL,4495000
2020-10-07,MSPLF,TX,4300000
2020-09-17,MSPLF,CA,5878998
2020-10-09,MSPLF,LA,8000000
2020-10-16,MSELF,TN,30000000
2020-10-06,MSNLF,CA,4500000
2020-10-06,MSPLF,CA,3050000
2020-10-13,MSNLF,AR,3000000
2020-10-08,MSNLF,UT,17648000
2020-10-06,MSNLF,SD,250000
2020-10-06,MSNLF,SD,500000
2020-10-14,MSNLF,IL,4500000
2020-10-15,MSPLF,AL,50000000
2020-09-30,MSNLF,UT,29975000
2020-10-02,MSNLF,NV,790548
2020-10-06,MSNLF,CA,8451100
2020-09-28,MSNLF,CA,1000000
2020-10-15,MSPLF,FL,2250000
2020-10-13,MSNLF,FL,400000
2020-10-19,MSNLF,FL,1500000
2020-10-19,MSNLF,FL,4088800
2020-10-21,MSNLF,FL,732276
2020-10-21,MSNLF,FL,836231
2020-10-16,MSNLF,TX,12867264
2020-10-14,MSNLF,CA,2500000
2020-09-17,MSPLF,MS,50000000
2020-09-30,MSNLF,UT,4000000
2020-10-08,MSPLF,CA,19750000
2020-10-09,MSPLF,LA,1165500
2020-10-16,MSNLF,FL,15400000
2020-10-14,MSPLF,IN,10000000
2020-10-19,MSPLF,NJ,705884
2020-10-15,MSPLF,SD,685000
2020-10-14,MSPLF,WI,5000000
2020-10-13,MSPLF,CA,8000000
2020-10-14,MSPLF,IN,2500000
2020-10-23,MSNLF,FL,573000
2020-10-22,MSPLF,FL,3180900
2020-10-16,MSNLF,FL,4250000
2020-10-06,MSPLF,TN,1740000
2020-10-21,MSPLF,WI,1138980
2020-10-14,MSNLF,FL,4859278
2020-10-15,MSNLF,TX,35000000
2020-10-07,MSPLF,TX,16000000
2020-10-26,MSNLF,FL,700000
2020-10-22,MSNLF,CA,2000000
2020-09-29,MSNLF,IL,3600000
2020-10-22,MSPLF,TX,9793717
2020-10-14,MSNLF,NV,1421844
2020-10-23,MSPLF,NY,27000000
2020-10-02,MSPLF,NY,16000000
2020-10-16,MSNLF,MA,1550000
2020-10-22,MSPLF,TX,50000000
2020-10-21,MSPLF,NV,2241800
2020-10-23,MSPLF,TX,2359897
2020-10-27,MSPLF,FL,3000000
2020-09-28,MSPLF,DE,4745500
2020-10-16,MSPLF,TX,1700000
2020-10-26,MSNLF,FL,6200000
2020-10-23,MSNLF,FL,350000
2020-10-22,MSPLF,OK,24510000
2020-10-14,MSPLF,FL,1368696
2020-10-26,MSPLF,CA,35000000
2020-10-16,MSPLF,KY,3454000
2020-10-22,MSPLF,FL,7889159
2020-10-23,MSNLF,OK,5500000
2020-10-09,MSPLF,CA,32500000
2020-10-23,MSNLF,VA,800000
2020-10-19,MSPLF,TX,13500000
2020-10-14,MSPLF,CO,11744318
2020-10-09,MSPLF,CA,13500000
2020-10-21,MSPLF,CO,2595000
2020-10-13,MSPLF,WA,10500000
2020-10-16,MSPLF,TX,12000000
2020-10-07,MSPLF,SD,1500000
2020-10-15,MSPLF,CA,5000000
2020-10-21,MSPLF,OK,257920
2020-10-26,MSPLF,MO,4500000
2020-10-28,MSNLF,FL,1900000
2020-10-27,MSNLF,NY,1000000
2020-10-23,MSPLF,IL,2400000
2020-10-27,MSPLF,CO,4945000
2020-09-24,MSPLF,CA,6800000
2020-10-21,MSNLF,FL,9750000
2020-10-26,MSPLF,TX,27700000
2020-10-26,MSPLF,NV,4000000
2020-10-07,MSNLF,TX,1000000
2020-10-19,MSPLF,CA,45000000
2020-10-16,MSPLF,OK,20000000
2020-10-28,MSPLF,CA,4716330
2020-10-26,MSNLF,CA,1200000
2020-10-27,MSNLF,TX,550000
2020-10-27,MSNLF,TX,1350000
2020-10-26,MSNLF,CA,1800000
2020-10-23,MSNLF,VA,300000
2020-10-26,MSPLF,KS,6750000
2020-10-29,MSPLF,UT,7134500
2020-10-07,MSPLF,TX,50000000
2020-10-06,MSNLF,OH,325000
2020-10-28,MSNLF,FL,4000000
2020-10-13,MSPLF,TX,8736906
2020-10-29,MSPLF,TX,20785250
2020-10-28,MSNLF,FL,882900
2020-10-28,MSPLF,FL,483000
2020-10-30,MSNLF,CA,516864
2020-10-30,MSPLF,FL,26471930
2020-10-16,MSNLF,FL,888500
2020-10-20,MSPLF,TX,10000000
2020-10-14,MSPLF,TX,3500000
2020-10-19,MSPLF,TX,9468589.4
2020-10-27,MSNLF,FL,10000000
2020-10-30,MSPLF,OK,40816326.54
2020-10-30,MSNLF,CA,270000
2020-10-30,MSNLF,IN,5902740
2020-10-27,MSPLF,FL,1000000
2020-10-27,MSPLF,FL,620160
2020-10-14,MSPLF,FL,1159840
2020-10-19,MSNLF,MD,1010000
2020-10-29,MSNLF,NE,2479756
2020-09-30,MSPLF,MN,1880000
2020-10-23,MSPLF,CA,8000000
2020-10-23,MSNLF,TN,4000000
2020-10-19,MSELF,CA,300000000
2020-10-26,MSPLF,CA,7370000
2020-10-28,MSPLF,CA,6650000
2020-11-03,MSPLF,MN,1950000
2020-10-09,MSPLF,MI,10000000
2020-10-26,MSNLF,IN,1200000
2020-10-29,MSPLF,NJ,30000000
2020-10-29,MSNLF,FL,850000
2020-10-22,MSPLF,CA,32500000
2020-11-04,MSPLF,FL,12000000
2020-10-13,MSPLF,CO,15000000
2020-10-29,MSPLF,FL,697649
2020-10-30,MSPLF,MN,1978106.99
2020-10-27,MSPLF,OK,50000000
2020-10-30,MSPLF,FL,1600000
2020-10-30,MSPLF,PA,725000
2020-10-13,MSPLF,CO,1124043
2020-10-30,MSNLF,FL,5500000
2020-10-30,MSPLF,FL,3000000
2020-10-30,MSPLF,FL,950000
2020-11-05,MSNLF,FL,2500000
2020-11-05,MSNLF,IL,4000000
2020-10-08,MSNLF,KS,3000000
2020-10-13,MSPLF,CA,1000000
2020-10-14,MSELF,TX,45000000
2020-10-26,MSPLF,TX,12452846
2020-11-06,MSPLF,FL,2000000
2020-09-30,MSNLF,VA,18400000
2020-11-05,MSPLF,TX,9400000
2020-11-03,MSPLF,TX,6838884
2020-10-30,MSNLF,OR,1000000
2020-10-29,MSPLF,TX,5300000
2020-10-09,MSPLF,CT,6200000
2020-11-06,MSPLF,NJ,2500000
2020-10-22,MSPLF,GA,17000000
2020-11-02,MSPLF,LA,3386000
2020-11-05,MSPLF,UT,4500000
2020-10-23,MSPLF,MN,13903983.32
2020-11-06,MSPLF,FL,1410836
2020-10-27,MSPLF,TX,6000000
2020-11-05,MSNLF,FL,5578893
2020-11-02,MSPLF,CA,520100
2020-11-10,MSPLF,FL,6000000
2020-11-02,MSPLF,OH,4000000
2020-11-06,MSNLF,PA,3187540
2020-11-02,MSPLF,GA,12500000
2020-10-30,MSPLF,IL,500000
2020-11-02,MSPLF,TX,639000
2020-10-21,MSPLF,CA,1286826
2020-11-05,MSNLF,FL,1615000
2020-11-10,MSNLF,FL,1000000
2020-11-09,MSNLF,FL,1100000
2020-11-02,MSNLF,TX,500000
2020-11-06,MSPLF,LA,3513000
2020-11-10,MSNLF,FL,250000
2020-11-03,MSPLF,MI,500000
2020-11-03,MSPLF,OH,5300000
2020-11-10,MSNLF,FL,1750000
2020-11-06,MSPLF,FL,2000000
2020-11-04,MSNLF,MI,1502000
2020-10-23,MSPLF,NC,42500000
2020-11-03,MSPLF,NJ,11500000
2020-10-23,MSNLF,FL,3500000
2020-11-10,MSNLF,MA,1365000
2020-11-06,MSPLF,OK,36000000
2020-11-10,MSPLF,TX,37500000
2020-11-10,MSNLF,FL,267176
2020-11-04,MSPLF,IN,50000000
2020-11-05,MSPLF,MO,50000000
2020-11-05,MSPLF,IN,725000
2020-11-11,MSPLF,FL,1056000
2020-11-12,MSPLF,FL,50000000
2020-11-12,MSNLF,CA,975000
2020-11-12,MSPLF,IL,50000000
2020-10-26,MSPLF,UT,1407550
2020-11-06,MSPLF,CA,28000000
2020-11-10,MSPLF,MN,1900000
2020-11-12,MSNLF,FL,2200000
2020-11-12,MSNLF,FL,1568256
2020-11-04,MSPLF,FL,25000000
2020-11-03,MSNLF,OH,1992021
2020-10-14,MSPLF,MN,4374000
2020-11-10,MSPLF,OK,966774
2020-11-10,MSPLF,TX,2500000
2020-10-28,MSPLF,NM,3965222
2020-11-09,MSNLF,CA,5000000
2020-11-10,MSNLF,FL,500000
2020-11-03,MSELF,OH,34750000
2020-10-30,MSPLF,IA,12240000
2020-11-09,MSPLF,PA,1765131
2020-09-29,MSPLF,CA,6000000
2020-10-26,MSPLF,CA,3000000
2020-11-02,MSNLF,GA,3000000
2020-11-12,MSNLF,CA,5000000
2020-10-30,MSPLF,NY,2500000
2020-11-03,MSNLF,OR,491062
2020-11-03,MSNLF,OR,622289
2020-11-05,MSNLF,SD,2386946
2020-11-12,MSPLF,CA,2982440
2020-11-17,MSPLF,FL,1000000
2020-11-13,MSPLF,LA,18900000
2020-11-17,MSPLF,FL,4090864
2020-11-12,MSPLF,MO,3107710
2020-10-08,MSPLF,NY,528612
2020-10-08,MSPLF,NY,2156211
2020-11-06,MSPLF,MO,5600000
2020-11-05,MSPLF,MN,3500000
2020-11-13,MSPLF,MI,4000000
2020-10-20,MSPLF,CA,9741000
2020-11-18,MSNLF,FL,2750000
2020-11-12,MSPLF,AZ,16500000
2020-11-13,MSPLF,TX,770000
2020-11-09,MSPLF,TX,19000000
2020-11-17,MSPLF,TX,3250000
2020-10-08,MSPLF,NY,2400000
2020-11-14,MSNLF,FL,9500000
2020-10-26,MSPLF,UT,10000000
2020-11-06,MSNLF,IL,1500000
2020-11-06,MSPLF,MI,6300000
2020-11-18,MSPLF,FL,2000000
2020-11-13,MSPLF,AR,10350000
2020-11-16,MSPLF,AZ,13000000
2020-11-09,MSPLF,MO,12000000
2020-11-13,MSNLF,CA,2500000
2020-11-16,MSPLF,FL,1500000
2020-11-10,MSPLF,MI,30000000
2020-11-16,MSPLF,GA,6000000
2020-11-02,MSNLF,CA,25000000
2020-11-13,MSPLF,MA,335000
2020-10-26,MSNLF,FL,953749
2020-11-11,MSPLF,WA,18110000
2020-11-13,MSPLF,OK,11301761.16
2020-11-04,MSNLF,CA,280000
2020-11-17,MSNLF,FL,12000000
2020-11-19,MSNLF,FL,1150000
2020-11-18,MSNLF,CA,300000
2020-11-03,MSPLF,UT,375000
2020-11-20,MSNLF,FL,760000
2020-11-20,MSPLF,FL,1500000
2020-11-20,MSPLF,WI,15978160
2020-11-02,MSPLF,AR,2000000
2020-11-12,MSPLF,FL,1000000
2020-11-18,MSPLF,MA,23500000
2020-11-09,MSPLF,AZ,31600000
2020-11-12,MSNLF,NE,9000000
2020-11-18,MSPLF,CA,1800000
2020-11-16,MSPLF,TX,40300000
2020-11-13,MSPLF,GA,232690
2020-11-17,MSPLF,AZ,12000000
2020-11-18,MSPLF,WA,17000000
2020-11-20,MSNLF,FL,500000
2020-11-05,MSPLF,NV,20000000
2020-11-18,MSPLF,NY,8000000
2020-11-18,MSPLF,TX,6450000
2020-11-05,MSPLF,MD,1280000
2020-11-09,MSNLF,CT,2500000
2020-11-16,MSNLF,FL,300000
2020-11-20,MSPLF,CA,434814
2020-11-20,MSNLF,FL,270000
2020-10-08,MSPLF,KS,4643000
2020-11-20,MSPLF,KY,11000000
2020-11-18,MSPLF,LA,8000000
2020-11-18,MSPLF,MN,1010000
2020-11-16,MSNLF,MI,6400000
2020-11-24,MSNLF,FL,1000000
2020-11-24,MSNLF,FL,895000
2020-11-24,MSNLF,MI,1500000
2020-11-23,MSPLF,TX,1500000
2020-11-19,MSNLF,PA,1500000
2020-11-24,MSPLF,FL,30000000
2020-11-17,MSPLF,MN,2800000
2020-11-17,MSPLF,FL,12464579
2020-11-17,MSPLF,FL,22657000
2020-10-28,MSPLF,TX,2500000
2020-11-23,MSPLF,OK,5865546
2020-11-16,MSPLF,SD,1200000
2020-11-25,MSPLF,FL,50000000
2020-11-23,MSPLF,TX,2890193.19
2020-11-24,MSPLF,TX,1031956.08
2020-11-12,MSPLF,TX,12275000
2020-11-18,MSPLF,TX,24910000
2020-11-17,MSPLF,FL,12464579
2020-11-17,MSNLF,FL,3240000
2020-11-24,MSNLF,NY,3500000
2020-11-24,MSPLF,VA,5663554
2020-11-24,MSPLF,SD,5840000
2020-11-18,MSPLF,IN,24781754
2020-11-27,MSNLF,NV,3900000
2020-11-25,MSNLF,NY,2000000
2020-11-30,MSNLF,IL,2950000
2020-11-27,MSNLF,FL,550000
2020-11-30,MSNLF,FL,3225000
2020-11-24,MSNLF,FL,1500000
2020-11-23,MSPLF,TX,4000000
2020-11-23,MSNLF,TX,9900000
2020-11-24,MSPLF,FL,7511640
2020-11-20,MSPLF,WV,11400000
2020-11-20,MSPLF,MA,11790000
2020-11-10,MSPLF,TX,8000000
2020-10-29,MSPLF,CA,10500000
2020-11-24,MSPLF,FL,25750000
2020-11-25,MSPLF,FL,50000000
2020-11-27,MSPLF,TX,2897525
2020-11-27,MSNLF,FL,6370000
2020-11-20,MSNLF,FL,595000
2020-11-30,MSNLF,FL,500000
2020-11-30,MSNLF,FL,1250000
2020-11-27,MSNLF,FL,2432353
2020-11-30,MSNLF,NY,5000000
2020-11-25,MSPLF,TX,4680976.64
2020-11-24,MSNLF,MO,1570000
2020-11-27,MSPLF,TX,2354394
2020-11-12,MSNLF,CA,35000000
2020-11-12,MSPLF,TX,15565000
2020-11-25,MSPLF,CA,9000000
2020-11-30,MSPLF,ND,4526232
2020-11-23,MSPLF,MI,6020000
2020-11-19,MSNLF,TX,800000
2020-11-27,MSPLF,FL,9000000
2020-11-30,MSPLF,TX,3325000
2020-11-23,MSPLF,TN,15000000
2020-11-25,MSPLF,WA,6000000
2020-12-01,MSPLF,TX,25000000
2020-11-16,MSPLF,SD,350000
2020-11-09,MSNLF,IA,2500000
2020-12-03,MSNLF,FL,700000
2020-11-09,MSNLF,IA,2500000
2020-11-16,MSPLF,AR,10500000
2020-11-19,MSPLF,GA,16199000
2020-11-18,MSPLF,AR,4000000
2020-11-24,MSNLF,OK,281520
2020-11-19,MSPLF,GA,25684000
2020-11-30,MSNLF,FL,400000
2020-12-02,MSNLF,FL,550000
2020-12-02,MSNLF,FL,800000
2020-11-30,MSNLF,FL,1000000
2020-11-16,MSPLF,SD,800000
2020-11-27,MSPLF,FL,21000000
2020-11-30,MSNLF,TX,4950000
2020-11-30,MSPLF,IA,7000000
2020-11-20,MSNLF,NY,15000000
2020-12-02,MSPLF,IL,14500000
2020-11-17,MSPLF,MI,10500000
2020-12-03,MSNLF,FL,1075000
2020-12-01,MSPLF,LA,905000
2020-11-20,MSPLF,FL,28000000
2020-11-30,MSPLF,GA,50000000
2020-12-02,MSNLF,FL,3000000
2020-12-02,MSNLF,FL,1400000
2020-12-03,MSNLF,FL,2500000
2020-12-03,MSPLF,FL,1948804
2020-11-30,MSNLF,FL,932000
2020-12-03,MSNLF,FL,800000
2020-12-04,MSNLF,FL,700000
2020-11-30,MSPLF,TN,10350000
2020-12-02,MSPLF,IN,7542570.92
2020-11-30,MSPLF,NY,6500000
2020-12-02,MSPLF,TX,20000000
2020-11-19,MSPLF,DC,20000000
2020-11-30,MSPLF,OK,18000000
2020-11-13,MSPLF,CO,940000
2020-11-23,MSPLF,MI,3159995
2020-11-24,MSNLF,CA,2000000
2020-11-25,MSPLF,MI,7461000
2020-12-04,MSNLF,FL,1402876
2020-11-19,MSPLF,MN,13999000
2020-11-18,MSPLF,WA,31231581
2020-11-13,MSNLF,TX,408008.14
2020-11-12,MSPLF,TN,4000000
2020-12-01,MSPLF,LA,2715000
2020-12-03,MSNLF,TX,5600000
2020-12-02,MSNLF,TX,4648147.44
2020-11-20,MSPLF,WI,3250000
2020-11-18,MSPLF,OR,2500000
2020-12-02,MSELF,CA,13500000
2020-11-25,MSPLF,MN,8580000
2020-11-30,MSPLF,FL,3380000
2020-11-02,MSPLF,CA,550000
2020-12-01,MSNLF,MA,200000
2020-11-30,MSNLF,NJ,20000000
2020-11-20,MSNLF,MA,30000000
2020-12-03,MSNLF,TX,3600000
2020-12-02,MSPLF,TX,6000000
2020-12-03,MSNLF,FL,2500000
2020-12-02,MSPLF,CA,1484370
2020-11-25,MSPLF,AZ,8000000
2020-12-04,MSNLF,FL,3426592
2020-12-04,MSPLF,FL,4000000
2020-12-04,MSPLF,SC,1450000
2020-12-04,MSPLF,FL,2400000
2020-12-02,MSNLF,FL,2300000
2020-12-04,MSNLF,NJ,6500000
2020-12-04,MSPLF,FL,2011896
2020-12-03,MSPLF,FL,4620124
2020-12-03,MSPLF,CA,1468044
2020-12-02,MSPLF,KS,8520136
2020-12-01,MSPLF,TX,10000000
2020-12-04,MSPLF,TX,2000000
2020-11-24,MSNLF,VA,4616339
2020-11-24,MSPLF,CA,50000000
2020-12-03,MSPLF,OK,896348
2020-12-02,MSNLF,FL,7141000
2020-12-05,MSNLF,FL,750000
2020-12-03,MSNLF,TX,2917965
2020-11-23,MSPLF,CO,7500000
2020-11-20,MSNLF,CO,2500000
2020-11-23,MSPLF,IL,32850000
2020-11-25,MSPLF,TX,20000000
2020-12-01,MSPLF,CA,15000000
2020-11-24,MSPLF,TX,2500000
2020-12-02,MSPLF,WA,258000
2020-11-24,MSPLF,WI,43598000
2020-12-01,MSPLF,UT,11300000
2020-11-04,MSPLF,OH,8000000
2020-12-04,MSNLF,NY,30000000
2020-12-02,MSNLF,FL,1000000
2020-12-04,MSPLF,FL,49755000
2020-12-04,MSNLF,FL,475000
2020-11-23,MSNLF,TX,2000000
2020-12-04,MSNLF,FL,3000000
2020-12-04,MSPLF,NJ,20900000
2020-11-25,MSNLF,OK,2580000
2020-12-03,MSPLF,TX,10000000
2020-11-30,MSPLF,FL,6000000
2020-12-07,MSPLF,FL,1200000
2020-11-19,MSPLF,FL,2300000
2020-12-03,MSPLF,OK,3532526
2020-12-03,MSPLF,FL,6600000
2020-12-03,MSNLF,FL,620000
2020-11-04,MSPLF,OH,8000000
2020-11-12,MSPLF,CA,1900000
2020-12-04,MSPLF,TX,5540000
2020-12-04,MSPLF,TX,2400000
2020-11-30,MSPLF,MA,12984200
2020-11-20,MSNLF,CA,6000000
2020-11-10,MSPLF,NY,736000
2020-11-25,MSNLF,VA,600000
2020-12-03,MSNLF,LA,2200000
2020-12-08,MSPLF,FL,3561000
2020-12-08,MSNLF,FL,250000
2020-12-08,MSPLF,FL,1240000
2020-12-04,MSNLF,FL,7796174
2020-12-08,MSPLF,FL,50000000
2020-11-24,MSELF,LA,56000000
2020-11-20,MSPLF,MD,30000000
2020-12-03,MSPLF,PA,8100000
2020-11-15,MSPLF,CA,1000000
2020-11-30,MSPLF,NY,5700000
2020-12-03,MSPLF,FL,16999400
2020-11-17,MSNLF,CA,1800000
2020-12-03,MSPLF,MO,50000000
2020-12-04,MSPLF,TX,8000000
2020-12-04,MSPLF,NH,16000000
2020-12-04,MSPLF,FL,19950000
2020-12-07,MSPLF,PA,525000
2020-12-03,MSPLF,CA,6050000
2020-12-04,MSPLF,NV,14445000
2020-12-07,MSNLF,FL,5000000
2020-12-07,MSNLF,CA,1000000
2020-12-07,MSPLF,MN,9000000
2020-12-08,MSNLF,FL,2500000
2020-12-07,MSNLF,FL,4400000
2020-12-07,MSNLF,CA,960000
2020-12-08,MSNLF,FL,400000
2020-12-08,MSNLF,FL,4500000
2020-12-07,MSPLF,FL,3300290
2020-12-02,MSPLF,GA,1186118
2020-11-27,MSPLF,KY,20000000
2020-11-19,MSNLF,FL,5500000
2020-11-25,MSPLF,OK,30371623
2020-12-07,MSPLF,FL,1535000
2020-11-24,MSPLF,TX,4650000
2020-12-03,MSPLF,TX,2500000
2020-12-08,MSNLF,FL,1300000
2020-12-02,MSPLF,NV,1350000
2020-12-07,MSNLF,VA,4325500
2020-11-20,MSNLF,TX,1100000
2020-12-01,MSNLF,CA,2000000
2020-12-07,MSNLF,VA,4719000
2020-12-04,MSPLF,FL,2300000
2020-12-07,MSNLF,FL,8395432
2020-12-08,MSNLF,FL,700000
2020-12-08,MSPLF,FL,2500000
2020-12-08,MSNLF,FL,525000
2020-11-24,MSNLF,TX,3500000
2020-12-08,MSNLF,FL,1000000
2020-12-01,MSPLF,TX,34500000
2020-12-03,MSNLF,FL,486000
2020-12-09,MSNLF,FL,1247260
2020-12-04,MSPLF,TX,1950000
2020-12-07,MSPLF,PA,3000000
2020-12-08,MSPLF,NY,19380000
2020-12-08,MSPLF,FL,49760000
2020-12-09,MSNLF,FL,1000000
2020-12-09,MSNLF,NJ,3000000
2020-12-09,MSNLF,FL,2000000
2020-12-03,MSPLF,MN,22500000
2020-11-25,MSPLF,TX,5800000
2020-11-30,MSPLF,TX,12500000
2020-12-04,MSPLF,MA,3000000
2020-11-24,MSNLF,NJ,24600000
2020-11-24,MSPLF,IL,11300000
2020-12-02,MSPLF,CA,10500000
2020-12-07,MSPLF,IL,17170564
2020-12-08,MSPLF,NY,9584305
2020-12-07,MSPLF,FL,11500000
2020-12-08,MSNLF,FL,1300000
2020-12-06,MSNLF,FL,500000
2020-12-04,MSNLF,TX,982000
2020-12-04,MSPLF,TX,36000000
2020-12-08,MSPLF,MI,2400000
2020-12-04,MSNLF,FL,336000
2020-12-07,MSPLF,PA,8600000
2020-12-04,MSNLF,TX,268000
2020-12-08,MSNLF,FL,1981629
2020-12-08,MSPLF,TN,10624000
2020-12-08,MSNLF,FL,250000
2020-12-09,MSPLF,FL,1200000
2020-12-01,MSPLF,TX,5600000
2020-12-01,MSPLF,TX,7300000
2020-12-04,MSPLF,FL,8500000
2020-11-17,MSPLF,CA,6800000
2020-12-08,MSNLF,FL,847490
2020-12-07,MSPLF,FL,2000000
2020-12-02,MSPLF,NY,10800000
2020-12-07,MSNLF,MA,3000000
2020-12-09,MSNLF,FL,700000
2020-12-04,MSNLF,TX,2210000
2020-12-09,MSNLF,FL,1800000
2020-12-09,MSNLF,NJ,1800000
2020-11-24,MSNLF,MO,419356
2020-12-08,MSNLF,NV,2659044
2020-12-04,MSNLF,CA,1000000
2020-12-04,MSPLF,CA,2017560
2020-12-07,MSPLF,NC,12500000
2020-12-09,MSNLF,FL,300000
2020-12-07,MSPLF,WY,4000000
2020-12-08,MSPLF,TX,10000000
2020-12-09,MSPLF,HI,15500000
2020-12-04,MSPLF,CA,2250000
2020-12-04,MSPLF,CA,9000000
2020-12-01,MSPLF,TX,7750000
2020-12-04,MSPLF,TX,50000000
2020-12-08,MSPLF,MA,2500000
2020-12-07,MSPLF,TX,30000000
2020-12-04,MSNLF,FL,1000000
2020-11-24,MSNLF,MO,1622443
2020-12-07,MSNLF,TX,650519
2020-12-04,MSNLF,TX,3000000
2020-12-01,MSNLF,NJ,650000
2020-12-01,MSPLF,CA,20000000
2020-12-01,MSPLF,CA,10550000
2020-12-09,MSNLF,FL,384200
2020-12-10,MSNLF,FL,3000000
2020-12-10,MSPLF,FL,2700000
2020-12-09,MSNLF,FL,950000
2020-12-08,MSPLF,FL,1208342
2020-12-10,MSNLF,PA,1675500
2020-12-10,MSNLF,FL,250000
2020-12-10,MSNLF,FL,1729500
2020-12-10,MSPLF,FL,2915800
2020-12-10,MSPLF,USVI,2150000
2020-12-08,MSNLF,FL,2000000
2020-11-13,MSPLF,TX,50000000
2020-12-08,MSNLF,FL,3000000
2020-12-03,MSPLF,WA,2500000
2020-12-09,MSPLF,TX,10579966
2020-12-02,MSNLF,OK,927927
2020-12-02,MSNLF,FL,1000000
2020-12-08,MSNLF,FL,310000
2020-12-08,MSNLF,FL,600000
2020-12-10,MSNLF,FL,948328
2020-12-07,MSPLF,IL,38500000
2020-12-01,MSPLF,NM,8000000
2020-12-08,MSPLF,UT,39086562
2020-12-02,MSNLF,CA,800000
2020-12-08,MSPLF,FL,35000000
2020-12-07,MSPLF,TX,2360000
2020-12-09,MSPLF,CA,1813205
2020-12-09,MSPLF,TX,5388000
2020-12-07,MSPLF,DC,2850000
2020-12-10,MSNLF,NV,874348
2020-12-09,MSPLF,MA,36494000
2020-12-08,MSPLF,GA,20066000
2020-12-02,MSPLF,MO,50000000
2020-12-10,MSPLF,AZ,50000000
2020-12-08,MSPLF,NC,10400000
2020-11-17,MSNLF,WA,12000000
2020-12-09,MSNLF,PA,994958
2020-12-08,MSNLF,FL,10000000
2020-12-10,MSPLF,FL,2935000
2020-12-09,MSPLF,FL,16000000
2020-12-10,MSNLF,OK,1400000
2020-12-08,MSNLF,LA,700000
2020-12-02,MSPLF,IA,906500
2020-12-11,MSPLF,KS,17500000
2020-12-07,MSNLF,MO,1875000
2020-12-08,MSPLF,FL,5088700
2020-12-09,MSPLF,TX,25000000
2020-12-08,MSPLF,PA,1055000
2020-12-07,MSNLF,FL,1429924
2020-12-04,MSPLF,CA,1200000
2020-12-10,MSPLF,FL,1697574
2020-12-10,MSPLF,FL,1200000
2020-12-10,MSNLF,GA,5000000
2020-12-08,MSPLF,PA,4981000
2020-12-10,MSNLF,OH,1122000
2020-11-19,MSPLF,NY,6000000
2020-12-07,MSPLF,CA,4000000
2020-12-07,MSPLF,OK,4128960
2020-12-09,MSNLF,PA,2500000
2020-12-09,MSPLF,FL,3600000
2020-12-08,MSPLF,PA,4000000
2020-12-11,MSNLF,FL,4000000
2020-12-03,MSPLF,SC,4444568
2020-12-08,MSNLF,MA,240000
2020-12-09,MSNLF,MI,1500000
2020-12-08,MSPLF,NJ,1000000
2020-12-01,MSPLF,CT,2000000
2020-12-07,MSPLF,TN,1200000
2020-12-09,MSPLF,LA,18000000
2020-12-07,MSNLF,FL,4391000
2020-12-10,MSNLF,WI,15000000
2020-12-08,MSELF,CA,10000000
2020-12-11,MSPLF,FL,576000
2020-12-08,MSNLF,FL,600000
2020-12-06,MSPLF,NY,6750000
2020-12-04,MSPLF,MO,3327511
2020-12-10,MSNLF,FL,1000000
2020-12-11,MSNLF,MN,250000
2020-12-10,MSNLF,FL,7000000
2020-12-11,MSNLF,FL,3900000
2020-12-11,MSNLF,FL,2509000
2020-12-08,MSPLF,FL,1630000
2020-12-11,MSPLF,WA,670000
2020-12-09,MSNLF,FL,22000000
2020-12-08,MSNLF,FL,1500000
2020-12-11,MSPLF,FL,3000000
2020-12-11,MSNLF,IL,1000000
2020-12-07,MSNLF,FL,1244000
2020-12-10,MSPLF,WA,15000000
2020-11-24,MSNLF,NM,1956391
2020-12-11,MSNLF,FL,2500000
2020-12-11,MSPLF,IL,2999874
2020-12-11,MSPLF,FL,1000000
2020-12-10,MSNLF,FL,3100000
2020-12-07,MSNLF,CA,250000
2020-12-10,MSNLF,FL,760000
2020-12-08,MSNLF,FL,311050
2020-12-09,MSNLF,FL,35000000
2020-12-10,MSPLF,IL,34400000
2020-12-01,MSPLF,CT,50000000
2020-12-04,MSPLF,FL,21744767
2020-12-09,MSPLF,CA,3000000
2020-12-04,MSNLF,CA,1548900
2020-11-29,MSELF,TX,16000000
2020-12-09,MSPLF,AL,11237250
2020-12-03,MSNLF,MO,500000
2020-12-09,MSPLF,KY,28000000
2020-12-07,MSPLF,PA,1945000
2020-12-09,MSNLF,TX,3344042
2020-12-08,MSPLF,TX,13868240
2020-12-11,MSPLF,IL,4750000
2020-12-07,MSPLF,OK,550000
2020-12-10,MSPLF,CA,1768194
2020-12-08,MSNLF,CA,2000000
2020-12-03,MSPLF,TX,4144152
2020-12-07,MSNLF,NH,800000
2020-12-11,MSNLF,CA,2500000
2020-12-04,MSPLF,TX,8140000
2020-12-10,MSPLF,CA,45000000
2020-12-10,MSPLF,WI,1000000
2020-12-08,MSNLF,LA,350000
2020-12-03,MSPLF,NC,50000000
2020-12-08,MSPLF,KY,14800000
2020-12-08,MSPLF,MN,5816000
2020-12-07,MSNLF,TN,1350000
2020-12-07,MSNLF,VA,8934750
2020-12-08,MSPLF,PA,6000000
2020-12-02,MSPLF,CA,7100000
2020-12-06,MSNLF,CA,5400000
2020-12-09,MSPLF,FL,4000000
2020-12-03,MSPLF,MN,10000000
2020-12-10,MSPLF,SD,4000000
2020-12-08,MSPLF,FL,6700000
2020-12-10,MSNLF,TX,16150000
2020-12-07,MSPLF,TX,6100000
2020-12-08,MSPLF,MN,2000000
2020-12-08,MSPLF,CT,17349000
2020-12-03,MSPLF,CA,8000000
2020-12-04,MSPLF,TX,35000000
2020-12-08,MSNLF,WA,4000000
2020-12-10,MSPLF,WA,2845916
2020-12-08,MSNLF,NV,10000000
2020-12-11,MSNLF,MD,242444
2020-12-11,MSPLF,NY,2000000
2020-11-20,MSPLF,CA,7800000
2020-12-09,MSPLF,NY,50000000
2020-12-07,MSPLF,NJ,3000000
2020-12-04,MSPLF,TX,4500000
2020-12-09,MSNLF,IL,4000000
2020-12-10,MSPLF,NM,8227000
2020-12-14,MSPLF,FL,1550000
2020-12-14,MSNLF,FL,2000000
2020-12-11,MSNLF,NC,500000
2020-12-10,MSNLF,FL,2340000
2020-12-09,MSNLF,FL,300000
2020-12-01,MSNLF,TX,24750000
2020-12-08,MSPLF,OH,17595155
2020-12-09,MSPLF,SD,1608000
2020-12-10,MSNLF,DC,1700000
2020-12-07,MSNLF,WA,3650000
2020-12-01,MSNLF,CA,4000000
2020-12-10,MSNLF,CA,7000000
2020-12-10,MSPLF,CO,5777872
2020-12-09,MSPLF,FL,15000000
2020-12-10,MSPLF,IN,8680650
2020-12-08,MSPLF,MS,4361706
2020-12-10,MSPLF,TX,25000000
2020-12-10,MSNLF,NJ,1500000
2020-12-10,MSPLF,FL,7250000
2020-12-11,MSNLF,VA,948000
2020-12-10,MSPLF,TX,8000000
2020-12-07,MSNLF,CA,6000000
2020-12-08,MSNLF,CA,10000000
2020-12-11,MSNLF,AZ,435550
2020-12-02,MSPLF,OR,15000000
2020-12-11,MSPLF,FL,7500000
2020-12-08,MSPLF,WA,4290000
2020-12-09,MSPLF,PA,750000
2020-12-10,MSPLF,PR,6000000
2020-12-04,MSPLF,MD,21000000
2020-12-10,MSNLF,FL,750000
2020-12-09,MSPLF,MI,4000000
2020-12-09,MSPLF,TX,18000000
2020-12-08,MSPLF,NV,13000000
2020-12-08,MSPLF,OH,3500000
2020-12-07,MSNLF,MI,475000
2020-12-08,MSNLF,IL,35000000
2020-12-03,MSNLF,VA,2000000
2020-12-11,MSPLF,FL,5000000
2020-12-10,MSPLF,OK,1402040
2020-11-18,MSPLF,TX,350000
2020-12-11,MSPLF,CA,5400000
2020-12-10,MSNLF,FL,3000000
2020-12-10,MSPLF,WA,1380000
2020-12-08,MSPLF,OR,27100000
2020-12-11,MSNLF,MN,2000000
2020-12-08,MSNLF,GA,2000000
2020-12-04,MSNLF,NJ,3661000
2020-12-03,MSPLF,TX,10000000
2020-12-04,MSPLF,OK,550000
2020-12-09,MSPLF,FL,7557312
2020-12-10,MSNLF,MI,1000000
2020-11-30,MSNLF,CA,500000
2020-12-10,MSPLF,TX,4856619
2020-12-11,MSNLF,KY,7000000
2020-12-04,MSPLF,OK,16000000
2020-12-08,MSPLF,OK,6989200
2020-12-08,MSPLF,NC,20000000
2020-12-05,MSPLF,NC,15500000
2020-12-07,MSPLF,KS,24000000
2020-12-09,MSPLF,NY,450000
2020-11-30,MSPLF,MN,6000000
2020-12-08,MSPLF,TX,26251548
2020-12-09,MSPLF,TX,36800000
2020-12-08,MSPLF,PA,1960000
2020-12-09,MSNLF,NV,4000000
2020-12-11,MSNLF,NJ,600000
2020-12-10,MSNLF,FL,15000000
2020-12-08,MSPLF,CA,10000000
2020-12-09,MSPLF,AR,1600000
2020-12-04,MSPLF,CA,36240000
2020-12-08,MSPLF,OK,6500000
2020-12-07,MSNLF,CA,4400000
2020-12-02,MSPLF,PR,5700000
2020-12-09,MSPLF,PA,4060000
2020-12-09,MSNLF,VA,5005336
2020-12-04,MSPLF,CA,4000000
2020-12-07,MSPLF,GA,500000
2020-12-01,MSNLF,CA,20000000
2020-12-04,MSPLF,WI,400000
2020-12-10,MSPLF,FL,4050000
2020-12-11,MSNLF,NJ,1850000
2020-12-11,MSNLF,NJ,1435000
2020-12-08,MSPLF,MN,750000
2020-12-09,MSPLF,PR,4135000
2020-12-07,MSNLF,FL,1100000
2020-11-17,MSNLF,CA,2000000
2020-12-10,MSPLF,TX,2400000
2020-12-08,MSPLF,OH,19000000
2020-12-10,MSPLF,TX,42000000
2020-12-08,MSPLF,CA,15545245
2020-12-10,MSPLF,NV,2500000
2020-12-07,MSPLF,CA,4000000
2020-12-10,MSNLF,FL,21750000
2020-12-10,MSPLF,TX,7500000
2020-12-09,MSPLF,NJ,18000000
2020-12-10,MSPLF,TX,40000000
2020-12-09,MSPLF,TX,16300000
2020-11-25,MSELF,TX,36000000
2020-12-01,MSPLF,TX,30000000
2020-12-08,MSPLF,NJ,15000000
2020-12-09,MSNLF,NY,35000000
2020-12-11,MSPLF,IL,5000000
2020-12-09,MSPLF,VA,10225000
2020-12-07,MSNLF,TN,1000000
2020-12-10,MSPLF,MN,4796040
2020-12-14,MSPLF,TN,3000000
2020-12-10,MSPLF,CO,21500000
2020-12-03,MSNLF,NY,6000000
2020-12-08,MSNLF,TX,12000000
2020-12-07,MSNLF,WA,500000
2020-12-08,MSNLF,HI,9000000
2020-12-10,MSPLF,PA,17400000
2020-12-10,MSPLF,FL,4400395
2020-12-08,MSPLF,MD,22900000
2020-12-11,MSPLF,MO,27500000
2020-12-10,MSNLF,OH,18250644
2020-12-09,MSNLF,MI,24000000
2020-12-11,MSPLF,OK,3400000
2020-12-09,MSPLF,TX,8543759.46
2020-12-09,MSPLF,WA,18000000
2020-12-10,MSPLF,UT,35000000
2020-11-18,MSNLF,UT,300000
2020-12-02,MSPLF,NC,4500000
2020-12-11,MSPLF,TX,1650000
2020-12-10,MSPLF,NC,3500000
2020-12-03,MSPLF,NV,11000000
2020-12-07,MSELF,FL,35000000
2020-12-11,MSPLF,TX,11732000
2020-12-07,MSPLF,TX,6000000
2020-12-09,MSPLF,CA,5050000
2020-12-09,MSPLF,FL,30000000
2020-12-10,MSPLF,FL,10000000
2020-11-30,MSNLF,KY,350000
2020-12-09,MSNLF,AK,1000000
2020-12-11,MSPLF,AR,18600000
2020-12-11,MSNLF,PA,9000000
2020-12-11,MSPLF,OK,600000
2020-12-09,MSNLF,IN,5000000
2020-12-11,MSPLF,MN,13200000
2020-12-11,MSPLF,NY,2050000
2020-12-11,MSNLF,MA,35000000
2020-12-10,MSPLF,AK,9326000
2020-12-10,MSPLF,GA,25000000
2020-12-11,MSPLF,NY,7000000
2020-12-10,MSNLF,CA,400000
2020-12-11,MSNLF,OK,400000
2020-12-11,MSPLF,FL,8000000
2020-12-07,MSPLF,CA,50000000
2020-12-11,MSPLF,VA,3829938
2020-12-09,MSPLF,TX,21566555.2
2020-12-10,MSPLF,WA,628654
2020-12-10,MSPLF,OK,4409526
2020-12-10,MSPLF,NJ,26000000
2020-12-09,MSPLF,TX,2576772
2020-12-09,MSPLF,NY,3600000
2020-12-04,MSPLF,NH,7000000
2020-12-10,MSPLF,GA,12000000
2020-12-09,MSPLF,TX,584000
2020-12-09,MSPLF,WA,6000000
2020-12-11,MSNLF,AL,525000
2020-12-11,MSPLF,OK,11543000
2020-12-11,MSNLF,CO,2678892
2020-12-09,MSPLF,TX,8585000
2020-12-09,MSPLF,CO,21465649
2020-12-10,MSPLF,MN,10000000
2020-12-08,MSPLF,MN,4400000
2020-12-09,MSPLF,NY,50000000
2020-12-08,MSNLF,CA,3000000
2020-12-10,MSPLF,TN,1500000
2020-12-08,MSPLF,WI,2500000
2020-12-10,MSPLF,TX,1000000
2020-12-09,MSPLF,MN,1250000
2020-12-10,MSPLF,AZ,35000000
2020-11-13,MSPLF,CA,11600000
2020-12-11,MSPLF,OK,15000000
2020-12-03,MSNLF,CA,1200000
2020-12-09,MSPLF,CO,12000000
2020-12-11,MSPLF,AR,5329000
2020-12-11,MSPLF,IL,19000000
2020-12-10,MSPLF,IL,21500000
2020-12-10,MSPLF,MO,18000000
2020-12-10,MSNLF,TX,6000000
2020-12-10,MSPLF,FL,13000000
2020-12-08,MSPLF,MN,5840000
2020-12-09,MSPLF,SC,1500000
2020-12-11,MSPLF,PA,4000000
2020-12-07,MSPLF,CA,800000
2020-12-08,MSPLF,CA,17000000
2020-12-04,MSPLF,CA,450000
2020-12-09,MSPLF,MO,4000000
2020-12-04,MSPLF,CO,5500000
2020-12-09,MSPLF,MN,3000000
2020-12-09,MSPLF,TN,9867312
2020-12-11,MSPLF,MN,1840626.54
2020-12-10,MSPLF,FL,4800000
2020-12-09,MSPLF,TX,22750000
2020-12-07,MSNLF,CA,1000000
2020-12-08,MSPLF,WA,3000000
2020-12-08,MSPLF,CA,999960
2020-12-11,MSPLF,MI,30000000
2020-12-07,MSPLF,CA,2500000
2020-12-08,MSPLF,CA,7200000
2020-12-10,MSPLF,CA,2000000
2020-12-10,MSPLF,NY,4000000
2020-12-10,MSNLF,TX,10000000
2020-12-04,MSNLF,IL,2000000
2020-12-10,MSPLF,FL,2400000
2020-12-11,MSPLF,MN,7730000
2020-12-10,MSPLF,WA,5500000
2020-12-10,MSPLF,TX,995000
2020-12-10,MSPLF,TX,3200000
2020-12-04,MSPLF,MN,11500000
2020-12-09,MSNLF,NY,14228358
2020-12-09,MSPLF,MI,24217712
2020-12-09,MSPLF,TX,6500000
2020-12-10,MSPLF,MI,6271183
2020-12-03,MSPLF,MN,5100000
2020-12-10,MSPLF,WA,2200000
2020-12-11,MSPLF,NJ,5000000
2020-12-11,MSPLF,WA,5000000
2020-12-09,MSPLF,MO,30000000
2020-12-11,MSPLF,AR,2439000
2020-12-11,MSPLF,NJ,10000000
2020-12-11,MSPLF,IL,6524100
2020-12-10,MSPLF,IN,2000000
2020-12-11,MSPLF,TX,1840000
2020-12-11,MSPLF,MA,4154965
2020-12-09,MSPLF,CA,4432000
2020-12-11,MSNLF,FL,5000000
2020-12-10,MSPLF,MN,1000000
2020-12-02,MSPLF,CA,5000000
2020-12-04,MSNLF,FL,495000
2020-12-08,MSPLF,FL,18970000
2020-12-10,MSPLF,WA,21000000
2020-12-07,MSPLF,NH,4247000
2020-12-09,MSPLF,FL,10000000
2020-12-07,MSPLF,AZ,10000000
2020-12-11,MSPLF,MN,1000000
2020-12-10,MSPLF,GA,10500000
2020-12-09,MSPLF,WA,7000000
2020-12-14,MSPLF,MO,3500000
2020-12-08,MSNLF,CA,6400000
2020-12-04,MSPLF,TX,7754022
2020-12-11,MSPLF,TN,2600000
2020-11-16,MSPLF,NJ,1577400
2020-12-08,MSPLF,WI,5000000
2020-12-09,MSPLF,CA,2500000
2020-11-30,MSPLF,KS,13100000
2020-12-08,MSNLF,CA,6000000
2020-12-07,MSNLF,CA,2100000
2020-12-07,MSPLF,CA,3000000
2020-12-11,MSPLF,TX,10500000
2020-12-11,MSPLF,NY,8000000
2020-12-11,MSPLF,OK,6100000
2020-12-09,MSNLF,LA,3050000
2020-12-10,MSPLF,FL,18000000
2020-11-30,MSPLF,OH,2000000
2020-12-12,MSPLF,NJ,25000000
2020-12-08,MSPLF,MI,7500000
2020-12-10,MSPLF,TX,1591963.9
2020-12-08,MSPLF,CO,13250000
2020-12-08,MSPLF,OK,1461050
2020-12-04,MSPLF,TX,31301679
2020-12-11,MSPLF,NY,30000000
2020-12-11,MSPLF,KS,6630000
2020-12-01,MSPLF,TX,900000
2020-12-09,MSPLF,NM,6800000
2020-12-08,MSPLF,UT,2113302
2020-12-09,MSPLF,CA,5000000
2020-12-08,MSPLF,OK,25000000
2020-12-08,MSNLF,MI,1300000
2020-12-10,MSPLF,TX,7000000
2020-12-08,MSPLF,CA,8368000
2020-11-05,MSPLF,UT,2780000
2020-12-09,MSNLF,CA,500000
2020-12-10,MSNLF,CA,1650000
2020-12-11,MSPLF,VA,3000000
2020-12-14,MSPLF,MO,50000000
2020-12-10,MSPLF,TX,20000000
2020-12-10,MSPLF,OK,20000000
2020-12-10,MSPLF,CO,40000000
2020-12-07,MSPLF,TX,7000000
2020-12-10,MSPLF,TN,20000000
2020-12-10,MSPLF,CO,7000000
2020-12-11,MSPLF,OR,7500000
2020-12-09,MSPLF,WI,6450000
2020-12-08,MSPLF,TX,20000000
2020-12-11,MSPLF,CT,3000000
2020-12-10,MSPLF,NY,46000000
2020-12-11,MSPLF,FL,2610000
2020-12-11,MSNLF,NY,3000000
2020-12-10,MSPLF,LA,8569082
2020-12-11,MSPLF,TX,12379110
2020-12-12,MSPLF,MO,50000000
2020-12-10,MSPLF,TX,16000000
2020-12-07,MSPLF,OH,15000000
2020-12-11,MSPLF,GA,3700000
2020-12-10,MSNLF,UT,1000000
2020-12-11,MSPLF,NJ,2000000
2020-12-11,MSPLF,AR,15500000
2020-12-11,MSPLF,NC,850000
2020-12-11,MSPLF,OK,3000000
2020-12-07,MSNLF,NY,11200000
2020-12-10,MSPLF,MI,5282230
2020-12-11,MSNLF,OR,1500000
2020-12-09,MSPLF,CA,900000
2020-12-02,MSPLF,CA,12282600
2020-12-11,MSPLF,MS,4000000
2020-12-10,MSPLF,TX,600000
2020-11-25,MSPLF,CA,6950000
2020-12-11,MSNLF,MT,804000
2020-12-10,MSNLF,TX,2130000
2020-12-10,MSNLF,ID,35000000
2020-12-11,MSPLF,NC,1000000
2020-12-11,MSNLF,NJ,35000000
2020-12-17,MSNLF,OH,750000
2020-12-09,MSPLF,LA,5558000
2020-12-11,MSNLF,FL,1280000
2020-12-11,MSPLF,VA,3262587
2020-12-11,MSPLF,TN,4844225
2020-12-10,MSPLF,CA,18000000
2020-12-07,MSPLF,IL,7800000
2020-12-11,MSPLF,PA,16796875
2020-12-09,MSNLF,PA,5550000
2020-12-09,MSPLF,MO,9100000
2020-12-10,MSPLF,OH,5000000
2020-12-10,MSPLF,MD,6000000
2020-12-11,MSNLF,FL,1650000
2020-12-11,MSPLF,CA,500000
2020-12-02,MSPLF,CA,773670
2020-12-11,MSPLF,UT,5050000
2020-12-09,MSPLF,IN,2200000
2020-12-09,MSPLF,VA,2400000
2020-12-09,MSNLF,MN,1000000
2020-12-11,MSPLF,TX,13500000
2020-12-11,MSPLF,TN,1180000
2020-12-11,MSPLF,NJ,13500000
2020-12-10,MSPLF,WI,12500000
2020-12-10,MSPLF,NE,31000000
2020-12-09,MSPLF,NC,17000000
2020-12-08,MSPLF,OK,581988
2020-12-09,MSPLF,TX,7000000
2020-12-10,MSPLF,FL,960000
2020-12-09,MSPLF,TX,15438760
2020-12-10,MSPLF,TN,9800000
2020-12-11,MSPLF,NV,2000000
2020-12-08,MSPLF,OK,473054
2020-12-10,MSNLF,NV,3064000
2020-12-11,MSPLF,TX,10000000
2020-12-08,MSNLF,IN,5000000
2020-12-14,MSPLF,WI,1453400
2020-12-10,MSNLF,AZ,4000000
2020-12-11,MSNLF,CA,150000
2020-12-09,MSNLF,FL,650000
2020-12-09,MSNLF,TX,6000000
2020-12-12,MSPLF,OK,4000000
2020-12-07,MSNLF,CA,3500000
2020-12-11,MSPLF,CA,1683500
2020-12-02,MSNLF,CA,1250000
2020-12-14,MSPLF,TX,12500000
2020-12-11,MSNLF,MO,1876000
2020-12-09,MSPLF,CO,32000000
2020-12-14,MSNLF,FL,1279200
2020-12-11,MSNLF,MO,1296531
2020-12-14,MSNLF,WY,5322400
2020-12-14,MSNLF,CA,4700000
2020-11-30,MSPLF,OH,4000000
2020-12-08,MSNLF,CA,2500000
2020-12-14,MSELF,OH,76000000
2020-12-11,MSPLF,FL,2500000
2020-12-10,MSPLF,FL,7700000
2020-12-10,MSPLF,UT,5000000
2020-12-11,MSPLF,WA,3908000
2020-12-10,MSPLF,PA,987000
2020-12-11,MSPLF,LA,20000000
2020-12-14,MSPLF,MI,8250000
2020-12-08,MSPLF,UT,1453000
2020-12-10,MSPLF,FL,3000000
2020-12-11,MSNLF,LA,1075000
2020-12-11,MSPLF,LA,4800000
2020-12-11,MSPLF,VA,10861874
2020-12-14,MSNLF,MA,530000
2020-12-10,MSPLF,GA,10000000
2020-12-08,MSNLF,NH,850000
2020-12-10,MSPLF,AK,1263000
2020-12-18,MSPLF,TX,50000000
2020-12-11,MSPLF,CO,8428875
2020-12-10,MSPLF,NM,5000000
2020-12-03,MSPLF,OH,10000000
2020-12-11,MSPLF,OK,2000243
2020-12-10,MSPLF,PA,2525000
2020-12-07,MSPLF,PA,8360000
2020-12-03,MSPLF,LA,8888421
2020-12-10,MSPLF,LA,500000
2020-12-10,MSPLF,KS,16830000
2020-12-07,MSPLF,TX,50000000
2020-12-14,MSPLF,TX,2275758
2020-12-11,MSPLF,CO,5000000
2020-12-11,MSNLF,MN,2620000
2020-12-11,MSNLF,VA,3400000
2020-12-11,MSPLF,MN,1737500
2020-12-04,MSPLF,FL,34485965
2020-12-10,MSPLF,MD,4950000
2020-12-11,MSPLF,PA,14800000
2020-12-11,MSPLF,LA,5899585
2020-12-11,MSNLF,CA,1100000
2020-12-10,MSNLF,LA,700000
2020-12-11,MSNLF,NY,3800000
2020-12-07,MSPLF,CA,1300000
2020-12-11,MSPLF,MO,25800000
2020-12-10,MSPLF,TX,4000000
2020-12-09,MSPLF,CA,1000000
2020-12-09,MSPLF,LA,3751828
2020-12-11,MSNLF,NY,9000000
2020-12-08,MSNLF,CA,1500000
2020-12-10,MSNLF,CA,3000000
2020-12-11,MSPLF,NC,3000000
2020-12-04,MSNLF,IL,4200000
2020-12-17,MSELF,UT,95394059.37
2020-11-23,MSPLF,PA,11600000
2020-12-08,MSPLF,OK,2070270
2020-12-11,MSPLF,OH,3000000
2020-12-11,MSPLF,TX,4580068.82
2020-12-08,MSPLF,OK,1042857
2020-12-10,MSNLF,MN,249900
2020-12-10,MSNLF,OK,612000
2020-12-11,MSPLF,AZ,9850000
2020-12-11,MSPLF,TX,864792
2020-12-11,MSNLF,IN,4000000
2020-12-09,MSPLF,CA,2058000
2020-12-07,MSPLF,CA,2000000
2020-12-11,MSPLF,AL,50000000
2020-12-10,MSPLF,IL,6000000
2020-12-11,MSPLF,MO,4500000
2020-12-14,MSPLF,IN,14650000
2020-12-09,MSPLF,PA,780000
2020-12-11,MSPLF,AZ,2377731
2020-12-11,MSPLF,MD,20000000
2020-12-14,MSPLF,NY,3500000
2020-12-10,MSPLF,MA,30000000
2020-12-12,MSNLF,CA,35000000
2020-12-09,MSPLF,CO,5200000
2020-12-14,MSNLF,MN,170000
2020-12-08,MSPLF,CA,20000000
2020-12-09,MSPLF,CA,1000000
2020-12-14,MSNLF,MI,1550000
2020-12-10,MSPLF,CA,2000000
2020-12-04,MSPLF,CA,24000000
2020-12-09,MSNLF,CA,3000000
2020-12-08,MSPLF,PA,1900000
2020-12-10,MSPLF,CA,5900000
2020-12-09,MSPLF,CA,16000000
2020-12-11,MSPLF,PA,2000000
2020-12-10,MSPLF,CA,2000000
2020-12-10,MSPLF,SD,1825000
2020-12-14,MSPLF,MO,15719500
2020-12-11,MSNLF,WI,3000000
2020-12-11,MSPLF,VA,1100000
2020-12-11,MSPLF,VA,2450000
2020-12-14,MSNLF,MI,350000
2020-12-14,MSNLF,MI,750000
2020-12-14,MSNLF,TX,4000000
2020-12-10,MSNLF,NH,750000
2020-12-15,MSNLF,OK,1030872
2020-12-14,MSPLF,TX,3166272.45
2020-12-09,MSPLF,MI,50000000
2020-12-11,MSPLF,OH,16500000
2020-12-11,MSPLF,TX,1377925.88
2020-12-11,MSPLF,KS,1100000
2020-12-08,MSPLF,MA,25000000
2020-12-11,MSPLF,NY,22300000
2020-12-11,MSPLF,LA,44100415
2020-12-14,MSPLF,TX,8500000
2020-12-10,MSPLF,ND,3167300
2020-12-07,MSPLF,TX,50000000
2020-12-14,MSPLF,MN,3200000
2020-12-14,MSPLF,OH,11350000
2020-12-14,MSPLF,CO,10000000
2020-12-12,MSPLF,MO,22305506
2020-12-14,MSPLF,LA,9833050
2020-12-14,MSPLF,NY,2000000
2020-12-10,MSELF,MA,95000000
2020-12-09,MSNLF,LA,1000000
2020-12-09,MSPLF,PA,3828000
2020-12-03,MSPLF,MN,9969538
2020-12-13,MSPLF,CA,1100000
2020-12-14,MSPLF,CA,6000000
2020-12-14,MSNLF,NJ,1300000
2020-12-09,MSPLF,NJ,49293364
2020-12-14,MSPLF,NJ,8000000
2020-12-14,MSPLF,IL,500000
2020-12-14,MSPLF,OK,800000
2020-12-11,MSPLF,LA,7600000
2020-12-10,MSPLF,TX,4650000
2020-12-11,MSPLF,TX,1500000
2020-12-11,MSPLF,MN,18027690
2020-12-11,MSPLF,NC,12000000
2020-12-11,MSPLF,CA,12000000
2020-12-10,MSPLF,KS,4571120
2020-12-10,MSPLF,CT,50000000
2020-12-11,MSPLF,PA,4350678.76
2020-12-14,MSNLF,PA,25000000
2020-12-11,MSNLF,FL,750000
2020-12-11,MSNLF,DE,20000000
2020-12-11,MSPLF,TX,25000000
2020-12-14,MSPLF,NJ,5305000
2020-12-11,MSPLF,LA,2710000
2020-12-10,MSPLF,TX,900000
2020-12-18,MSPLF,ND,3375000
2020-12-07,MSPLF,AL,45000000
2020-11-25,MSPLF,LA,20110525
2020-12-17,MSPLF,IN,36000000
2020-12-08,MSNLF,CA,319000
2020-12-18,MSPLF,CA,28000000
2020-12-08,MSPLF,MO,334700
2020-12-11,MSPLF,AZ,9800000
2020-12-10,MSPLF,TX,1970000
2020-12-10,MSPLF,TX,1800000
2020-12-12,MSNLF,FL,1000000
2020-12-10,MSPLF,PA,7500000
2020-12-11,MSPLF,SC,1350000
2020-12-10,MSPLF,IN,26059938
2020-12-10,MSPLF,LA,1473000
2020-12-11,MSNLF,CO,12000000
2020-12-11,MSPLF,MN,6200000
2020-12-08,MSNLF,TX,1500000
2020-12-11,MSPLF,TX,2000000
2020-12-04,MSPLF,MO,3365521
2020-12-08,MSPLF,IA,1200000
2020-12-04,MSPLF,VA,32000000
2020-12-11,MSPLF,LA,1650000
2020-12-11,MSPLF,MN,7000000
2020-12-10,MSPLF,AR,1050000
2020-12-10,MSNLF,MO,1420000
2020-12-10,MSPLF,LA,16700000
2020-12-14,MSPLF,VA,3000000
2020-12-11,MSPLF,UT,1663000
2020-12-11,MSPLF,CA,49500000
2020-12-11,MSNLF,FL,815915
2020-12-11,MSPLF,OH,49500000
2020-12-10,MSPLF,NJ,6000000
2020-12-10,MSPLF,DE,5624439
2020-12-11,MSPLF,NJ,1975000
2020-12-17,MSNLF,OH,750000
2020-12-10,MSPLF,TX,4500000
2020-12-14,MSPLF,CA,10000000
2020-12-11,MSPLF,TX,21300000
2020-12-11,MSPLF,NY,1500000
2020-12-11,MSNLF,TX,2000000
2020-12-12,MSPLF,KS,11642000
2020-12-10,MSPLF,ND,6700000
2020-12-12,MSPLF,TX,15000000
2020-12-07,MSPLF,CA,17800000
2020-12-10,MSPLF,PA,800000
2020-12-14,MSPLF,MI,1050000
2020-12-14,MSNLF,CA,7500000
2020-12-14,MSPLF,MA,500000
2020-12-14,MSPLF,MI,3000000
2020-12-04,MSPLF,CA,12000000
2020-12-10,MSPLF,PR,50000000
2020-12-14,MSPLF,MA,5000000
2020-12-14,MSPLF,VA,5500000
2020-12-11,MSNLF,AZ,10000000
2020-12-11,MSPLF,CA,12000000
2020-12-14,MSNLF,MA,5500000
2020-12-11,MSPLF,VA,550000
2020-12-11,MSNLF,AZ,1328000
2020-12-11,MSNLF,DE,15000000
2020-12-14,MSPLF,TX,5150000
2020-12-11,MSNLF,MA,15000000
2020-12-11,MSPLF,VA,675000
2020-12-11,MSPLF,AR,1300000
2020-12-15,MSNLF,CT,150000
2020-12-11,MSPLF,FL,9650000
2020-12-21,MSNLF,CA,500000
2020-12-11,MSPLF,VA,1350000
2020-12-14,MSPLF,VA,3110783
2020-12-12,MSPLF,CA,7000000
2020-12-10,MSPLF,IL,8655000
2020-12-11,MSNLF,MA,2350000
2020-12-11,MSPLF,WA,4000000
2020-12-17,MSPLF,TX,25000000
2020-12-10,MSPLF,OK,750000
2020-12-14,MSPLF,AL,15000000
2020-12-14,MSPLF,PA,10000000
2020-12-11,MSNLF,FL,522500
2020-12-14,MSNLF,CO,10000000
2020-12-14,MSPLF,KS,43925000
2020-12-14,MSPLF,MN,14898000
2020-12-15,MSNLF,ID,1235724
2020-12-14,MSPLF,CA,50000000
2020-12-11,MSPLF,PA,1678000
2020-12-11,MSPLF,TX,50000000
2020-12-14,MSPLF,IA,13000000
2020-12-11,MSNLF,GA,3100000
2020-12-14,MSPLF,TX,3500000
2020-12-12,MSPLF,TX,35000000
2020-12-11,MSPLF,OK,3150000
2020-12-14,MSPLF,CO,3400000
2020-12-08,MSPLF,CA,574970
2020-12-10,MSPLF,TX,26000000
2020-12-14,MSPLF,MN,10400000
2020-12-09,MSPLF,GA,50000000
2020-12-14,MSPLF,TX,5100000
2020-12-14,MSPLF,TX,3500000
2020-12-11,MSPLF,OK,23218358
2020-12-09,MSPLF,AZ,4150000
2020-12-11,MSPLF,TN,47362080
2020-12-09,MSPLF,CA,16000000
2020-12-10,MSNLF,CT,317000
2020-12-12,MSPLF,PA,6000000
2020-12-11,MSNLF,FL,177500
2020-12-11,MSPLF,CT,7000000
2020-12-11,MSPLF,RI,28800000
2020-12-03,MSNLF,CA,275960
2020-12-11,MSPLF,FL,5000000
2020-12-11,MSNLF,UT,264144
2020-12-11,MSNLF,GA,2825000
2020-12-11,MSPLF,PA,11300000
2020-12-11,MSPLF,PR,7313500
2020-12-07,MSPLF,CA,11000000
2020-12-11,MSPLF,CA,6577258
2020-12-11,MSELF,NY,85000000
2020-12-14,MSNLF,TX,2083772
2020-12-08,MSPLF,MD,12000000
2020-12-10,MSPLF,VA,1500000
2020-12-15,MSNLF,CT,100000
2020-12-10,MSPLF,IL,800000
2020-12-15,MSPLF,CA,4640000
2020-12-10,MSPLF,NY,47500000
2020-12-10,MSPLF,NV,50000000
2020-12-10,MSPLF,MO,39908069
2020-12-11,MSNLF,CT,9000000
2020-12-08,MSPLF,CA,2950000
2020-12-04,MSPLF,MN,14000000
2020-12-12,MSPLF,MI,29767600
2020-12-11,MSPLF,WI,43000000
2020-12-11,MSPLF,GA,16000000
2020-12-14,MSPLF,TX,6000000
2020-12-11,MSPLF,IL,12000000
2020-12-14,MSPLF,NJ,20000000
2020-12-10,MSPLF,FL,13045245
2020-12-14,MSNLF,MA,16190000
2020-12-14,MSPLF,WV,18000000
2020-12-14,MSPLF,MA,2000000
2020-12-02,MSNLF,MA,750000
2020-12-11,MSNLF,LA,1785000
2020-12-11,MSPLF,AR,3203867
2020-12-11,MSNLF,MA,1500000
2020-12-10,MSPLF,FL,9653758
2020-12-14,MSNLF,IL,2500000
2020-12-14,MSPLF,CO,4615000
2020-12-14,MSPLF,TX,2000000
2020-12-11,MSPLF,AK,600000
2020-12-21,MSPLF,CT,4900000
2020-12-21,MSPLF,VA,10790272
2020-12-02,MSPLF,SD,8750000
2020-12-11,MSPLF,TN,6000000
2020-12-11,MSPLF,NE,3550000
2020-12-14,MSPLF,MD,12000000
2020-12-14,MSPLF,MA,4550000
2020-12-14,MSPLF,MA,4000000
2020-12-11,MSPLF,CA,3700000
2020-12-14,MSPLF,TN,3000000
2020-12-11,MSPLF,IA,500000
2020-12-14,MSPLF,MA,3000000
2020-12-11,MSNLF,IL,3450000
2020-12-10,MSPLF,TX,6500000
2020-12-04,MSPLF,CA,17000000
2020-12-11,MSPLF,OH,10000000
2020-12-18,MSELF,TX,130000000
2020-12-10,MSNLF,CA,2000000
2020-12-11,MSPLF,AZ,7500000
2020-12-11,MSPLF,NJ,8165000
2020-12-14,MSPLF,MA,1250000
2020-12-10,MSPLF,WA,695000
2020-12-14,MSPLF,WA,1365000
2020-12-11,MSNLF,MO,15512367
2020-12-10,MSPLF,FL,15893424
2020-12-07,MSPLF,TX,2232228
2020-12-20,MSELF,AR,148000000
2020-12-08,MSNLF,VT,1000000
2020-12-14,MSPLF,CA,500000
2020-12-11,MSNLF,NY,336000
2020-12-11,MSNLF,CA,4500000
2020-12-14,MSPLF,IL,500000
2020-12-14,MSPLF,AZ,17033000
2020-12-09,MSPLF,MA,1150000
2020-12-14,MSPLF,KY,6442866
2020-12-14,MSNLF,MA,12000000
2020-12-14,MSPLF,AZ,4550000
2020-12-14,MSPLF,AZ,1880000
2020-12-11,MSPLF,NV,2251505
2020-12-14,MSPLF,AZ,6138000
2020-12-14,MSPLF,MO,47000000
2020-12-04,MSNLF,NY,1800000
2020-12-16,MSPLF,MN,6000000
2020-11-23,MSPLF,CA,8730000
2020-12-14,MSNLF,LA,5666035
2020-12-11,MSNLF,CA,2000000
2020-12-11,MSNLF,CA,585000
2020-12-22,MSPLF,TX,20000000
2020-12-21,MSELF,TX,23512000
2020-11-23,MSNLF,LA,2866181
2020-12-11,MSPLF,TX,7500000
2020-12-10,MSPLF,CT,900000
2020-12-11,MSNLF,FL,1625000
2020-12-14,MSPLF,MS,3750000
2020-12-14,MSNLF,CT,670000
2020-12-11,MSPLF,CA,12000000
2020-12-22,MSPLF,WV,35000000
2020-12-11,MSNLF,UT,1700000
2020-12-14,MSNLF,DC,1500000
2020-12-14,MSPLF,MA,45000000
2020-12-14,MSPLF,OH,4750000
2020-12-21,MSPLF,CA,5000000
2020-12-09,MSPLF,MA,1300000
2020-12-22,MSNLF,GA,500000
2020-12-21,MSPLF,CA,3000000
2020-12-22,MSNLF,CA,300000
2020-12-14,MSPLF,PA,1500000
2020-12-14,MSPLF,NY,11000000
2020-12-21,MSPLF,CA,3000000
2020-12-29,MSPLF,NJ,364000
2020-12-24,MSPLF,AL,12000000
2020-12-29,MSPLF,IL,5560426.94
2020-12-14,MSNLF,AR,1600000
2020-12-11,MSNLF,PA,750000
2020-12-14,MSNLF,MD,350000
2020-12-14,MSNLF,MD,5000000
2020-12-14,MSNLF,DC,4000000
2020-12-14,MSNLF,VA,380000
2020-12-14,MSPLF,TX,11000000
2020-12-22,MSNLF,NJ,2000000
2020-12-23,MSPLF,NY,100000
2020-12-23,MSNLF,TX,690000
2021-01-04,MSPLF,IL,920000
2021-01-04,MSPLF,CA,1500000
2021-01-05,MSPLF,TX,12000000
2020-12-23,MSPLF,NJ,1000000
2021-01-04,MSPLF,IL,1290000
2021-01-04,MSPLF,IL,2089000
2020-12-11,MSPLF,CA,24000000
2021-01-04,MSPLF,IL,2580000
