abb,year,month,total,mean,num_loans,year_month,state,population,per_cap_loan,per_cap_num_loans,epop,unemp,epop_jan_2020,unemp_jan_2020,epop_change,unemp_change,unemp_diff,epop_diff,unemp_diff_in_diff,epop_diff_in_diff,unemp_month_change,epop_month_change
AK,2020,12,12189000,3047250,4,Dec 2020,Alaska,731545,16.66199618615396,0.5467879624630064,60.7,6.5,61.5,5,-0.7999999999999972,1.5,0.4627450980392158,2.0411764705882405,-1.362091503267974,2.367810457516345,0,0
AL,2020,10,50000000,50000000,1,Oct 2020,Alabama,4903185,10.19745328801585,0.020394906576031702,55.6,4.7,56.3,2.7,-0.6999999999999957,2,-1.792156862745098,-2.9392156862745082,-1.250326797385621,2.5624183006535963,-2,2.3999999999999986
AL,2020,12,133762250,22293708.333333332,6,Dec 2020,Alabama,4903185,27.280685921497966,0.12236943945619022,55.5,4.7,56.3,2.7,-0.7999999999999972,2,-1.337254901960784,-3.1588235294117624,-0.7954248366013069,2.342810457516342,0,0
AR,2020,7,5878609,5878609,1,Jul 2020,Arkansas,3017804,1.9479757466024963,0.033136678193812455,53,7.1,56.2,3.7,-3.200000000000003,3.3999999999999995,-1.9294117647058826,-3.7666666666666657,-1.8709150326797388,1.693300653594771,-0.7000000000000002,0.29999999999999716
AR,2020,8,33905000,16952500,2,Aug 2020,Arkansas,3017804,11.234990741612112,0.06627335638762491,53.2,6.5,56.2,3.7,-3,2.8,-1.2705882352941176,-4.305882352941175,-1.2120915032679738,1.1540849673202613,-0.5999999999999996,0.20000000000000284
AR,2020,10,3000000,3000000,1,Oct 2020,Arkansas,3017804,0.9941003458143737,0.033136678193812455,53.3,5.6,56.2,3.7,-2.9000000000000057,1.8999999999999995,-0.8921568627450984,-5.2392156862745125,-0.8336601307189547,0.2207516339869242,-0.3000000000000007,0
AR,2020,11,26850000,6712500,4,Nov 2020,Arkansas,3017804,8.897198095038643,0.13254671277524982,53.2,5.3,56.2,3.7,-3,1.5999999999999996,-0.9137254901960787,-5.2901960784313715,-0.855228758169935,0.1697712418300652,-0.2999999999999998,-0.09999999999999432
AR,2020,12,198621867,19862186.7,10,Dec 2020,Arkansas,3017804,65.81668889033217,0.3313667819381245,55.5,4.9,56.2,3.7,-0.7000000000000028,1.2000000000000002,-1.1372549019607838,-3.1588235294117624,-1.07875816993464,2.3011437908496744,-0.39999999999999947,2.299999999999997
AZ,2020,9,27095495,27095495,1,Sep 2020,Arizona,7278717,3.722564704741234,0.013738684990775159,56,6.9,58.8,4.8,-2.799999999999997,2.1000000000000005,-0.22745098039215694,-1.93333333333333,-1.5189542483660134,0.9099673202614409,-0.09999999999999964,0.29999999999999716
AZ,2020,11,81100000,16220000,5,Nov 2020,Arizona,7278717,11.142073527518654,0.0686934249538758,56.2,6.8,58.8,4.8,-2.5999999999999943,2,0.5862745098039213,-2.2901960784313715,-0.7052287581699352,0.5531045751633994,0,0
AZ,2020,12,174042281,10877642.5625,16,Dec 2020,Arizona,7278717,23.911120737349727,0.21981895985240255,56.2,6.8,58.8,4.8,-2.5999999999999943,2,0.7627450980392156,-2.4588235294117595,-0.5287581699346409,0.3844771241830114,0,0
CA,2020,7,68000000,22666666.666666668,3,Jul 2020,California,39512223,1.720986440069444,0.0075925872356004875,52.4,13.2,59.9,4.2,-7.5,9,4.170588235294117,-4.366666666666667,3.5874183006535945,-2.515032679738564,-0.9000000000000004,0.3999999999999986
CA,2020,8,116265400,12918377.777777778,9,Aug 2020,California,39512223,2.9425173066066166,0.02277776170680146,52.7,12.3,59.9,4.2,-7.199999999999996,8.100000000000001,4.529411764705883,-4.805882352941175,3.9462418300653606,-2.954248366013072,-0.8999999999999986,0.30000000000000426
CA,2020,9,95127884,6341858.933333334,15,Sep 2020,California,39512223,2.4075558593602793,0.037962936178002435,52.9,10.6,59.9,4.2,-7,6.3999999999999995,3.4725490196078423,-5.033333333333331,2.8893790849673198,-3.181699346405228,-1.700000000000001,0.19999999999999574
CA,2020,10,592314120,19106907.096774194,31,Oct 2020,California,39512223,14.990655423259785,0.0784567347678717,54.8,9.8,59.9,4.2,-5.100000000000001,5.6000000000000005,3.3078431372549026,-3.7392156862745125,2.72467320261438,-1.8875816993464092,-0.7999999999999989,1.8999999999999986
CA,2020,11,224422354,8015084.071428572,28,Nov 2020,California,39512223,5.679821001212713,0.07086414753227122,54.6,8.7,59.9,4.2,-5.299999999999997,4.499999999999999,2.4862745098039207,-3.890196078431373,1.9031045751633981,-2.0385620915032696,-1.1000000000000014,-0.19999999999999574
CA,2020,12,954715436,7517444.377952756,127,Dec 2020,California,39512223,24.162534110014512,0.3214195263070873,54.5,9.3,59.9,4.2,-5.399999999999999,5.1000000000000005,3.2627450980392165,-4.158823529411762,2.679575163398694,-2.307189542483659,0.6000000000000014,-0.10000000000000142
CA,2021,1,1500000,1500000,1,Jan 2021,California,39512223,0.037962936178002435,0.0025308624118668293,54.6,9,59.9,4.2,-5.299999999999997,4.8,3.2176470588235295,-4.188235294117646,2.634477124183007,-2.336601307189543,-0.3000000000000007,0.10000000000000142
CO,2020,8,76565249,25521749.666666668,3,Aug 2020,Colorado,5758736,13.295495574028745,0.05209476524014992,62.5,7.1,67,2.7,-4.5,4.3999999999999995,-0.6705882352941179,4.994117647058822,0.23790849673202574,-0.3125816993464072,-0.3000000000000007,0.7999999999999972
CO,2020,9,9400000,9400000,1,Sep 2020,Colorado,5758736,1.6323026441913642,0.01736492174671664,63,7,67,2.7,-4,4.3,-0.1274509803921573,5.06666666666667,0.7810457516339864,-0.24003267973855902,-0.09999999999999964,0.5
CO,2020,10,35408361,7081672.2,5,Oct 2020,Colorado,5758736,6.148634179444934,0.0868246087335832,63.4,6.9,67,2.7,-3.6000000000000014,4.2,0.4078431372549023,4.860784313725489,1.316339869281046,-0.4459150326797401,-0.09999999999999964,0.3999999999999986
CO,2020,11,10940000,3646666.6666666665,3,Nov 2020,Colorado,5758736,1.8997224390908005,0.05209476524014992,63.6,6.9,67,2.7,-3.3999999999999986,4.2,0.6862745098039218,5.109803921568627,1.5947712418300655,-0.19689542483660194,0,0.20000000000000284
CO,2020,12,219816288,12212016,18,Dec 2020,Colorado,5758736,38.17092639773728,0.31256859144089955,63.8,6.9,67,2.7,-3.200000000000003,4.2,0.8627450980392162,5.141176470588235,1.7712418300653598,-0.1655228758169942,0,0.19999999999999574
CT,2020,8,22626000,22626000,1,Aug 2020,Connecticut,3565287,6.346193167618764,0.028048232863160806,58.6,8.4,64.1,3.7,-5.499999999999993,4.7,0.6294117647058828,1.0941176470588232,0.6045751633986931,-1.3625816993464053,-2.9000000000000004,0.30000000000000426
CT,2020,9,90000000,90000000,1,Sep 2020,Connecticut,3565287,25.243409576844726,0.028048232863160806,58.7,8.3,64.1,3.7,-5.3999999999999915,4.6000000000000005,1.1725490196078434,0.7666666666666728,1.1477124183006537,-1.6900326797385556,-0.09999999999999964,0.10000000000000142
CT,2020,10,6200000,6200000,1,Oct 2020,Connecticut,3565287,1.73899043751597,0.028048232863160806,58.7,8.2,64.1,3.7,-5.3999999999999915,4.499999999999999,1.7078431372549012,0.16078431372549318,1.6830065359477115,-2.2959150326797353,-0.10000000000000142,0
CT,2020,11,2500000,2500000,1,Nov 2020,Connecticut,3565287,0.7012058215790201,0.028048232863160806,58.7,8.2,64.1,3.7,-5.3999999999999915,4.499999999999999,1.9862745098039207,0.20980392156862848,1.961437908496731,-2.2468954248366,0,0
CT,2020,12,145386000,11183538.461538462,13,Dec 2020,Connecticut,3565287,40.77820383043497,0.36462702722109047,58.7,8.2,64.1,3.7,-5.3999999999999915,4.499999999999999,2.162745098039215,0.04117647058824048,2.1379084967320257,-2.415522875816988,0,0
DC,2020,11,20000000,20000000,1,Nov 2020,NA,NA,NA,NA,NA,NA,NA,NA,NA,NA,NA,NA,NA,NA,NA,NA
DC,2020,12,10050000,2512500,4,Dec 2020,NA,NA,NA,NA,NA,NA,NA,NA,NA,NA,NA,NA,NA,NA,NA,NA
DE,2020,8,50000000,50000000,1,Aug 2020,Delaware,973764,51.34714366109242,0.10269428732218483,57,7.9,60,4.3,-3,3.6000000000000005,0.12941176470588278,-0.5058823529411782,0.04624183006535991,0.9040849673202576,-0.40000000000000036,0.20000000000000284
DE,2020,9,4745500,4745500,1,Sep 2020,Delaware,973764,4.873357404874282,0.10269428732218483,57.2,7.6,60,4.3,-2.799999999999997,3.3,0.47254901960784235,-0.7333333333333272,0.3893790849673195,0.6766339869281086,-0.3000000000000007,0.20000000000000284
DE,2020,12,40624439,13541479.666666666,3,Dec 2020,Delaware,973764,41.718978109685715,0.3080828619665545,57,5.9,60,4.3,-3,1.6000000000000005,-0.13725490196078383,-1.6588235294117624,-0.22042483660130668,-0.24885620915032658,0.10000000000000053,-0.10000000000000142
FL,2020,7,68875948,3826441.5555555555,18,Jul 2020,Florida,21477737,3.206853124237437,0.08380771214397494,50.7,11.5,57.6,3.3,-6.899999999999999,8.2,2.4705882352941178,-6.066666666666663,2.745751633986928,-1.81503267973856,-0.09999999999999964,1.1000000000000014
FL,2020,8,294730382,6140216.291666667,48,Aug 2020,Florida,21477737,13.722599452633208,0.22348723238393317,52.1,7.9,57.6,3.3,-5.5,4.6000000000000005,0.12941176470588278,-5.405882352941177,0.4045751633986932,-1.154248366013074,-3.5999999999999996,1.3999999999999986
FL,2020,9,143640346,4488760.8125,32,Sep 2020,Florida,21477737,6.6878715387938685,0.14899148825595546,52.8,7.2,57.6,3.3,-4.800000000000004,3.9000000000000004,0.07254901960784288,-5.133333333333333,0.3477124183006533,-0.8816993464052301,-0.7000000000000002,0.6999999999999957
FL,2020,10,193977004,3592166.7407407407,54,Oct 2020,Florida,21477737,9.03153828543482,0.2514231364319248,53.2,5.8,57.6,3.3,-4.399999999999999,2.5,-0.6921568627450982,-5.339215686274507,-0.4169934640522878,-1.087581699346404,-1.4000000000000004,0.4000000000000057
FL,2020,11,466034176,7516680.258064516,62,Nov 2020,Florida,21477737,21.698476706368087,0.2886710084959137,53.5,5.4,57.6,3.3,-4.100000000000001,2.1000000000000005,-0.8137254901960782,-4.990196078431374,-0.5385620915032678,-0.7385620915032716,-0.39999999999999947,0.29999999999999716
FL,2020,12,926411366,5754107.8633540375,161,Dec 2020,Florida,21477737,43.133565049241454,0.749613425287776,53.7,5.1,57.6,3.3,-3.8999999999999986,1.7999999999999998,-0.9372549019607845,-4.9588235294117595,-0.6620915032679742,-0.7071895424836567,-0.3000000000000007,0.20000000000000284
GA,2020,8,20927778,10463889,2,Aug 2020,Georgia,10617423,1.971078857835842,0.018836962603825804,55.5,7,60.8,3.3,-5.299999999999997,3.7,-0.7705882352941176,-2.0058823529411782,-0.7370915032679738,-0.9292483660130728,-0.5999999999999996,0.20000000000000284
GA,2020,9,279266640.5,69816660.125,4,Sep 2020,Georgia,10617423,26.302676317972825,0.03767392520765161,55.6,6.5,60.8,3.3,-5.199999999999996,3.2,-0.6274509803921573,-2.3333333333333286,-0.5939542483660135,-1.2566993464052232,-0.5,0.10000000000000142
GA,2020,10,17000000,17000000,1,Oct 2020,Georgia,10617423,1.6011418213251936,0.009418481301912902,58.1,5.9,60.8,3.3,-2.6999999999999957,2.6000000000000005,-0.5921568627450977,-0.43921568627450824,-0.5586601307189539,0.6374183006535972,-0.5999999999999996,2.5
GA,2020,11,113615690,16230812.857142856,7,Nov 2020,Georgia,10617423,10.700872518689328,0.06592936911339031,58,5.6,60.8,3.3,-2.799999999999997,2.3,-0.6137254901960789,-0.49019607843137436,-0.5802287581699351,0.586437908496731,-0.3000000000000007,-0.10000000000000142
GA,2020,12,162377118,10825141.2,15,Dec 2020,Georgia,10617423,15.29345849741505,0.14127721952869354,57.9,5.3,60.8,3.3,-2.8999999999999986,2,-0.7372549019607844,-0.7588235294117638,-0.7037581699346406,0.3178104575163416,-0.2999999999999998,-0.10000000000000142
HI,2020,12,24500000,12250000,2,Dec 2020,Hawaii,1415872,17.30382407449261,0.1412557067305519,54.3,10.3,60.5,2,-6.200000000000003,8.3,4.2627450980392165,-4.358823529411765,5.39624183006536,-2.590522875816995,0,0
IA,2020,9,30580870,30580870,1,Sep 2020,Iowa,3155070,9.69261220828698,0.03169501786014256,62.8,4.7,68,2.8,-5.200000000000003,1.9000000000000004,-2.427450980392157,4.866666666666667,-1.61062091503268,-1.7233660130718969,-0.5999999999999996,0.3999999999999986
IA,2020,10,12240000,12240000,1,Oct 2020,Iowa,3155070,3.87947018608145,0.03169501786014256,62.9,4.2,68,2.8,-5.100000000000001,1.4000000000000004,-2.292156862745098,4.360784313725489,-1.4753267973856208,-2.229248366013075,-0.5,0.10000000000000142
IA,2020,11,12000000,4000000,3,Nov 2020,Iowa,3155070,3.8034021432171077,0.0950850535804277,62.9,3.9,68,2.8,-5.100000000000001,1.1,-2.3137254901960786,4.409803921568624,-1.4968954248366015,-2.1802287581699398,-0.30000000000000027,0
IA,2020,12,15606500,3901625,4,Dec 2020,Iowa,3155070,4.94648296234315,0.12678007144057024,62.8,3.7,68,2.8,-5.200000000000003,0.9000000000000004,-2.337254901960784,4.141176470588235,-1.520424836601307,-2.448856209150329,-0.19999999999999973,-0.10000000000000142
ID,2020,12,36235724,18117862,2,Dec 2020,Idaho,1787065,20.276668168197574,0.1119153472313542,60.8,3.8,62.4,2.6,-1.6000000000000014,1.1999999999999997,-2.2372549019607844,2.141176470588235,-1.4287581699346406,1.3344771241830062,-0.5,0
IL,2020,7,3600000,3600000,1,Jul 2020,Illinois,12671821,0.28409492211103676,0.007891525614195465,54.3,12,61.6,3.5,-7.300000000000004,8.5,2.9705882352941178,-2.4666666666666686,2.562418300653595,-2.7566993464052305,-2.1999999999999993,-0.4000000000000057
IL,2020,8,139400000,27880000,5,Aug 2020,Illinois,12671821,11.00078670618848,0.03945762807097733,55.8,11.1,61.6,3.5,-5.800000000000004,7.6,3.329411764705882,-1.705882352941181,2.9212418300653593,-1.9959150326797428,-0.9000000000000004,1.5
IL,2020,9,8600000,4300000,2,Sep 2020,Illinois,12671821,0.6786712028208101,0.01578305122839093,57.3,10.4,61.6,3.5,-4.300000000000004,6.9,3.272549019607843,-0.6333333333333329,2.8643790849673203,-0.9233660130718946,-0.6999999999999993,1.5
IL,2020,10,7400000,2466666.6666666665,3,Oct 2020,Illinois,12671821,0.5839728954504645,0.023674576842586396,58.5,8.1,61.6,3.5,-3.1000000000000014,4.6,1.6078431372549016,-0.039215686274509665,1.1996732026143786,-0.32924836601307145,-2.3000000000000007,1.2000000000000028
IL,2020,11,102600000,17100000,6,Nov 2020,Illinois,12671821,8.096705280164548,0.04734915368517279,56.9,8.1,61.6,3.5,-4.700000000000003,4.6,1.886274509803921,-1.5901960784313758,1.478104575163398,-1.8802287581699375,0,-1.6000000000000014
IL,2020,12,258309964.94,10332398.5976,25,Dec 2020,Illinois,12671821,20.384597047259426,0.19728814035488665,56.9,8,61.6,3.5,-4.700000000000003,4.5,1.9627450980392158,-1.7588235294117638,1.5545751633986928,-2.0488562091503257,-0.09999999999999964,0
IL,2021,1,6879000,1719750,4,Jan 2021,Illinois,12671821,0.5428580470005061,0.03156610245678186,57.1,7.7,61.6,3.5,-4.5,4.2,1.9176470588235297,-1.6882352941176464,1.5094771241830067,-1.9782679738562081,-0.2999999999999998,0.20000000000000284
IN,2020,9,40000000,40000000,1,Sep 2020,Indiana,6732219,5.941577361045444,0.014853943402613612,59.1,6.3,62.1,3.2,-3,3.0999999999999996,-0.8274509803921575,1.1666666666666714,-0.4939542483660138,0.3683006535947767,-1,0.8000000000000043
IN,2020,10,19602740,4900685,4,Oct 2020,Indiana,6732219,2.911779904961499,0.05941577361045445,59.7,5.6,62.1,3.2,-2.3999999999999986,2.3999999999999995,-0.8921568627450984,1.1607843137254932,-0.5586601307189547,0.3624183006535985,-0.7000000000000002,0.6000000000000014
IN,2020,11,75506754,25168918,3,Nov 2020,Indiana,6732219,11.215730504310688,0.04456183020784083,60.1,5,62.1,3.2,-2,1.7999999999999998,-1.2137254901960786,1.609803921568627,-0.8802287581699348,0.8114379084967324,-0.5999999999999996,0.3999999999999986
IN,2020,12,111133158.92,11113315.892,10,Dec 2020,Indiana,6732219,16.50765652751344,0.14853943402613612,60.4,4.6,62.1,3.2,-1.7000000000000028,1.3999999999999995,-1.4372549019607845,1.7411764705882362,-1.1037581699346408,0.9428104575163415,-0.40000000000000036,0.29999999999999716
KS,2020,8,9000000,9000000,1,Aug 2020,Kansas,2913314,3.0892653521041673,0.034325170578935194,63.4,6.2,65.1,3.1,-1.6999999999999957,3.1,-1.5705882352941174,5.89411764705882,-1.1454248366013071,2.5790849673202563,-0.39999999999999947,0.7999999999999972
KS,2020,9,46112225,11528056.25,4,Sep 2020,Kansas,2913314,15.828099888992398,0.13730068231574077,61.8,6.1,65.1,3.1,-3.299999999999997,2.9999999999999996,-1.0274509803921577,3.866666666666667,-0.6022875816993474,0.5516339869281031,-0.10000000000000053,-1.6000000000000014
KS,2020,10,14393000,4797666.666666667,3,Oct 2020,Kansas,2913314,4.940421801426142,0.10297551173680557,64.3,4.7,65.1,3.1,-0.7999999999999972,1.6,-1.792156862745098,5.7607843137254875,-1.3669934640522876,2.4457516339869234,-1.3999999999999995,2.5
KS,2020,11,13100000,13100000,1,Nov 2020,Kansas,2913314,4.49659734584051,0.034325170578935194,64.5,4.7,65.1,3.1,-0.5999999999999943,1.6,-1.5137254901960784,6.009803921568626,-1.088562091503268,2.6947712418300616,0,0.20000000000000284
KS,2020,12,134718256,14968695.111111112,9,Dec 2020,Kansas,2913314,46.242271172966596,0.30892653521041674,64.7,4.7,65.1,3.1,-0.3999999999999915,1.6,-1.337254901960784,6.0411764705882405,-0.9120915032679737,2.7261437908496764,0,0.20000000000000284
KY,2020,8,49999720,8333286.666666667,6,Aug 2020,Kentucky,4467673,11.191445748155695,0.1342981010472342,53.2,5.5,56.9,4.1,-3.6999999999999957,1.4000000000000004,-2.2705882352941176,-4.305882352941175,-2.820424836601307,0.5624183006535954,-0.09999999999999964,0.20000000000000284
KY,2020,9,12700000,6350000,2,Sep 2020,Kentucky,4467673,2.842643138833124,0.0447660336824114,53.3,5.5,56.9,4.1,-3.6000000000000014,1.4000000000000004,-1.6274509803921573,-4.633333333333333,-2.1772875816993467,0.23496732026143796,0,0.09999999999999432
KY,2020,10,3454000,3454000,1,Oct 2020,Kentucky,4467673,0.7731094016952449,0.0223830168412057,53.4,5.5,56.9,4.1,-3.5,1.4000000000000004,-0.9921568627450981,-5.139215686274511,-1.5419934640522874,-0.27091503267974026,0,0.10000000000000142
KY,2020,11,31350000,10450000,3,Nov 2020,Kentucky,4467673,7.017075779717987,0.0671490505236171,53.3,5.6,56.9,4.1,-3.6000000000000014,1.5,-0.6137254901960789,-5.190196078431377,-1.1635620915032683,-0.3218954248366064,0.09999999999999964,-0.10000000000000142
KY,2020,12,56242866,14060716.5,4,Dec 2020,Kentucky,4467673,12.588850168756755,0.0895320673648228,53.3,5.6,56.9,4.1,-3.6000000000000014,1.5,-0.43725490196078454,-5.358823529411765,-0.9870915032679739,-0.4905228758169944,0,0
LA,2020,7,2265000,1132500,2,Jul 2020,Louisiana,4648794,0.48722313787188676,0.04302191062886417,49.6,9.1,57,5.1,-7.399999999999999,4,0.0705882352941174,-7.166666666666664,-0.995915032679739,-1.9566993464052276,-0.3000000000000007,0.10000000000000142
LA,2020,8,2969000,989666.6666666666,3,Aug 2020,Louisiana,4648794,0.6386602632854886,0.06453286594329627,53.8,8.2,57,5.1,-3.200000000000003,3.0999999999999996,0.4294117647058817,-3.705882352941181,-0.6370915032679747,1.5040849673202557,-0.9000000000000004,4.199999999999996
LA,2020,9,5340000,1068000,5,Sep 2020,Louisiana,4648794,1.1486850137906734,0.10755477657216043,53.9,8,57,5.1,-3.1000000000000014,2.9000000000000004,0.8725490196078427,-4.033333333333331,-0.19395424836601372,1.1766339869281053,-0.1999999999999993,0.10000000000000142
LA,2020,10,18928500,3154750,6,Oct 2020,Louisiana,4648794,4.071701176692278,0.12906573188659254,53.9,7.9,57,5.1,-3.1000000000000014,2.8000000000000007,1.4078431372549023,-4.639215686274511,0.34133986928104587,0.5707516339869256,-0.09999999999999964,0
LA,2020,11,112775706,16110815.142857144,7,Nov 2020,Louisiana,4648794,24.259131723195306,0.1505766872010246,53.9,7.9,57,5.1,-3.1000000000000014,2.8000000000000007,1.6862745098039218,-4.590196078431376,0.6197712418300654,0.6197712418300609,0,0
LA,2020,12,180179416,6673311.703703703,27,Dec 2020,Louisiana,4648794,38.7583136615647,0.5807957934896664,53.9,7.9,57,5.1,-3.1000000000000014,2.8000000000000007,1.8627450980392162,-4.758823529411764,0.7962418300653598,0.45114379084967293,0,0
MA,2020,8,25516250,12758125,2,Aug 2020,Massachusetts,6892503,3.702029581996555,0.029017034885585102,58,9.3,64.8,2.8,-6.799999999999997,6.500000000000001,1.5294117647058831,0.4941176470588218,2.07124183006536,-2.979248366013069,-0.5,1.1000000000000014
MA,2020,9,6850000,3425000,2,Sep 2020,Massachusetts,6892503,0.9938334448312899,0.029017034885585102,59,8.9,64.8,2.8,-5.799999999999997,6.1000000000000005,1.772549019607843,1.06666666666667,2.31437908496732,-2.4066993464052207,-0.40000000000000036,1
MA,2020,10,1550000,1550000,1,Oct 2020,Massachusetts,6892503,0.22488202036328458,0.014508517442792551,59.7,8.5,64.8,2.8,-5.099999999999994,5.7,2.007843137254902,1.1607843137254932,2.549673202614379,-2.3125816993463975,-0.40000000000000036,0.7000000000000028
MA,2020,11,79974200,13329033.333333334,6,Nov 2020,Massachusetts,6892503,11.603070756733802,0.08705110465675532,60.3,8.4,64.8,2.8,-4.5,5.6000000000000005,2.186274509803922,1.8098039215686228,2.7281045751633988,-1.6635620915032678,-0.09999999999999964,0.5999999999999943
MA,2020,12,356158965,12281343.620689655,29,Dec 2020,Massachusetts,6892503,51.67338556109442,0.42074700584098407,60.9,8.4,64.8,2.8,-3.8999999999999986,5.6000000000000005,2.362745098039216,2.241176470588236,2.904575163398693,-1.2321895424836544,0,0.6000000000000014
MD,2020,10,3560000,1780000,2,Oct 2020,Maryland,6045680,0.5888502203226105,0.03308147305183205,60.8,6.8,66.8,3.4,-6,3.4,0.30784313725490176,2.2607843137254875,0.3913398692810455,-2.3292483660130747,-0.20000000000000018,2.0999999999999943
MD,2020,11,31280000,15640000,2,Nov 2020,Maryland,6045680,5.173942385306533,0.03308147305183205,60.8,6.8,66.8,3.4,-6,3.4,0.5862745098039213,2.309803921568623,0.669771241830065,-2.2802287581699394,0,0
MD,2020,12,104442444,10444244.4,10,Dec 2020,Maryland,6045680,17.27554948326739,0.16540736525916028,60.8,6.8,66.8,3.4,-6,3.4,0.7627450980392156,2.141176470588235,0.8462418300653594,-2.4488562091503274,0,0
MI,2020,9,10450000,3483333.3333333335,3,Sep 2020,Michigan,9986857,1.0463752509923794,0.030039480889733378,55.7,8.2,59.4,3.7,-3.6999999999999957,4.499999999999999,1.072549019607842,-2.233333333333327,0.5727124183006524,-0.023366013071888236,-0.3000000000000007,0.30000000000000426
MI,2020,10,17500000,8750000,2,Oct 2020,Michigan,9986857,1.7523030519011136,0.020026320593155584,55.8,8.1,59.4,3.7,-3.6000000000000014,4.3999999999999995,1.6078431372549016,-2.7392156862745125,1.108006535947712,-0.5292483660130736,-0.09999999999999964,0.09999999999999432
MI,2020,11,77342995,7031181.363636363,11,Nov 2020,Michigan,9986857,7.744478067524147,0.11014476326235573,55.8,8.2,59.4,3.7,-3.6000000000000014,4.499999999999999,1.9862745098039207,-2.690196078431377,1.4864379084967312,-0.48022875816993826,0.09999999999999964,0
MI,2020,12,202663725,10133186.25,20,Dec 2020,Michigan,9986857,20.293043647265602,0.20026320593155583,55.7,8.2,59.4,3.7,-3.6999999999999957,4.499999999999999,2.162745098039215,-2.9588235294117595,1.6629084967320256,-0.7488562091503206,0,-0.09999999999999432
MN,2020,7,2600000,2600000,1,Jul 2020,Minnesota,5639632,0.4610229887340167,0.017731653412846795,65.2,7.6,68,3.2,-2.799999999999997,4.3999999999999995,-1.4294117647058826,8.433333333333337,-0.995915032679739,2.3349673202614403,-1.3000000000000007,0.10000000000000853
MN,2020,8,4561168.84,4561168.84,1,Aug 2020,Minnesota,5639632,0.8087706502835645,0.017731653412846795,65.2,6.6,68,3.2,-2.799999999999997,3.3999999999999995,-1.170588235294118,7.694117647058825,-0.7370915032679743,1.5957516339869278,-1,0
MN,2020,9,8930000,2976666.6666666665,3,Sep 2020,Minnesota,5639632,1.5834366497672188,0.05319496023854039,65.3,5.8,68,3.2,-2.700000000000003,2.5999999999999996,-1.3274509803921575,7.366666666666667,-0.8939542483660139,1.2683006535947703,-0.7999999999999998,0.09999999999999432
MN,2020,10,20256090.31,6752030.1033333335,3,Oct 2020,Minnesota,5639632,3.5917397287624437,0.05319496023854039,65.2,5.3,68,3.2,-2.799999999999997,2.0999999999999996,-1.1921568627450982,6.660784313725493,-0.7586601307189547,0.5624183006535963,-0.5,-0.09999999999999432
MN,2020,11,39739000,4967375,8,Nov 2020,Minnesota,5639632,7.0463817497311885,0.14185322730277436,65.2,5,68,3.2,-2.799999999999997,1.7999999999999998,-1.2137254901960786,6.7098039215686285,-0.780228758169935,0.6114379084967316,-0.2999999999999998,0
MN,2020,12,218445294.54,6241294.129714286,35,Dec 2020,Minnesota,5639632,38.733962524505145,0.6206078694496379,65.2,4.7,68,3.2,-2.799999999999997,1.5,-1.337254901960784,6.5411764705882405,-0.9037581699346404,0.4428104575163436,-0.2999999999999998,0
MO,2020,7,6250000,2083333.3333333333,3,Jul 2020,Missouri,6137428,1.0183418852327066,0.048880410491169916,59.8,6.8,61.9,3.6,-2.1000000000000014,3.1999999999999997,-2.2294117647058824,3.0333333333333314,-1.9375816993464055,2.7933006535947693,-1.2999999999999998,2.799999999999997
MO,2020,9,91475000,45737500,2,Sep 2020,Missouri,6137428,14.904451832265893,0.032586940327446606,60.2,5.4,61.9,3.6,-1.6999999999999957,1.8000000000000003,-1.727450980392157,2.266666666666673,-1.43562091503268,2.0266339869281107,-0.5999999999999996,0.10000000000000142
MO,2020,10,4500000,4500000,1,Oct 2020,Missouri,6137428,0.7332061573675488,0.016293470163723303,60.3,5,61.9,3.6,-1.6000000000000014,1.4,-1.492156862745098,1.7607843137254875,-1.200326797385621,1.5207516339869251,-0.40000000000000036,0.09999999999999432
MO,2020,11,74319509,10617072.714285715,7,Nov 2020,Missouri,6137428,12.109227024740656,0.11405429114606314,60.3,4.7,61.9,3.6,-1.6000000000000014,1.1,-1.5137254901960784,1.8098039215686228,-1.2218954248366014,1.5697712418300604,-0.2999999999999998,0
MO,2020,12,476840705,19073628.2,25,Dec 2020,Missouri,6137428,77.69389799766286,0.4073367540930827,60.2,4.4,61.9,3.6,-1.6999999999999957,0.8000000000000003,-1.6372549019607838,1.5411764705882405,-1.3454248366013069,1.3011437908496781,-0.2999999999999998,-0.09999999999999432
MS,2020,8,30000000,30000000,1,Aug 2020,Mississippi,2976149,10.080140476837686,0.03360046825612562,50.6,7.8,53,5.6,-2.3999999999999986,2.2,0.02941176470588225,-6.905882352941177,-1.9204248366013075,1.8290849673202594,-0.7000000000000002,0.8000000000000043
MS,2020,9,74794866.02,37397433.01,2,Sep 2020,Mississippi,2976149,25.131425214261785,0.06720093651225124,51.2,7.2,53,5.6,-1.7999999999999972,1.6000000000000005,0.07254901960784288,-6.733333333333327,-1.8772875816993468,2.001633986928109,-0.5999999999999996,0.6000000000000014
MS,2020,12,12111706,4037235.3333333335,3,Dec 2020,Mississippi,2976149,4.069589929805262,0.10080140476837686,52.2,6.6,53,5.6,-0.7999999999999972,1,0.5627450980392155,-6.4588235294117595,-1.3870915032679743,2.2761437908496767,-0.10000000000000053,0.30000000000000426
MT,2020,12,804000,804000,1,Dec 2020,Montana,1068778,0.7522609933961965,0.09356480017365627,58.9,4.2,61,3.7,-2.1000000000000014,0.5,-1.837254901960784,0.2411764705882362,-1.8787581699346403,1.0594771241830063,-0.2999999999999998,-0.10000000000000142
NC,2020,10,42500000,42500000,1,Oct 2020,North Carolina,10488084,4.052217735861002,0.009534629966731769,55.9,6.8,59.3,3.5,-3.3999999999999986,3.3,0.30784313725490176,-2.639215686274511,0.09133986928104551,-0.20424836601307383,-0.5,0.5
NC,2020,12,150750000,11596153.846153846,13,Dec 2020,North Carolina,10488084,14.373454674848142,0.12395018956751298,56.3,6.1,59.3,3.5,-3,2.5999999999999996,0.06274509803921546,-2.358823529411765,-0.15375816993464078,0.07614379084967204,-0.3000000000000007,0.19999999999999574
ND,2020,8,5000000,5000000,1,Aug 2020,North Dakota,762062,6.561145943505909,0.1312229188701182,65.6,6.1,68.1,2.2,-2.5,3.8999999999999995,-1.670588235294118,8.094117647058816,-0.41209150326797417,1.195751633986922,-0.10000000000000053,0.29999999999999716
ND,2020,11,4526232,4526232,1,Nov 2020,North Dakota,762062,5.939453745233328,0.1312229188701182,65.8,4.7,68.1,2.2,-2.299999999999997,2.5,-1.5137254901960784,7.309803921568623,-0.2552287581699346,0.4114379084967288,0,-0.10000000000000853
ND,2020,12,13242300,4414100,3,Dec 2020,North Dakota,762062,17.37693258553766,0.39366875661035455,65.8,4.7,68.1,2.2,-2.299999999999997,2.5,-1.337254901960784,7.141176470588235,-0.07875816993464024,0.24281045751634078,0,0
NE,2020,7,4218000,2109000,2,Jul 2020,Nebraska,1934408,2.1805120739781887,0.10339080483538116,66.2,4.4,68.3,2.9,-2.0999999999999943,1.5000000000000004,-4.629411764705882,9.433333333333337,-4.037581699346405,2.809967320261441,-2.1999999999999993,0.29999999999999716
NE,2020,8,10000000,10000000,1,Aug 2020,Nebraska,1934408,5.169540241769058,0.05169540241769058,66.4,4,68.3,2.9,-1.8999999999999915,1.1,-3.7705882352941176,8.894117647058827,-3.1787581699346403,2.270751633986931,-0.40000000000000036,0.20000000000000284
NE,2020,9,750000,750000,1,Sep 2020,Nebraska,1934408,0.38771551813267935,0.05169540241769058,66.5,3.8,68.3,2.9,-1.7999999999999972,0.8999999999999999,-3.3274509803921575,8.56666666666667,-2.7356209150326802,1.9433006535947737,-0.20000000000000018,0.09999999999999432
NE,2020,10,3583256,1791628,2,Oct 2020,Nebraska,1934408,1.8523786088560428,0.10339080483538116,66.5,3.6,68.3,2.9,-1.7999999999999972,0.7000000000000002,-2.892156862745098,7.96078431372549,-2.3003267973856207,1.337418300653594,-0.19999999999999973,0
NE,2020,11,9000000,9000000,1,Nov 2020,Nebraska,1934408,4.652586217592153,0.05169540241769058,66.4,3.4,68.3,2.9,-1.8999999999999915,0.5,-2.8137254901960786,7.909803921568631,-2.2218954248366014,1.286437908496735,-0.20000000000000018,-0.09999999999999432
NE,2020,12,34550000,17275000,2,Dec 2020,Nebraska,1934408,17.860761535312097,0.10339080483538116,66.4,3.4,68.3,2.9,-1.8999999999999915,0.5,-2.6372549019607843,7.741176470588243,-2.045424836601307,1.117810457516347,0,0
NH,2020,7,12100000,6050000,2,Jul 2020,New Hampshire,1359711,8.898949850372617,0.1470900801714482,61.7,8.1,66.9,2.6,-5.200000000000003,5.5,-0.9294117647058826,4.933333333333337,0.037418300653594416,-0.5733660130718894,-2.200000000000001,1.3000000000000043
NH,2020,12,29647000,4941166.666666667,6,Dec 2020,New Hampshire,1359711,21.803898034214622,0.4412702405143446,64.8,3.8,66.9,2.6,-2.1000000000000085,1.1999999999999997,-2.2372549019607844,6.141176470588235,-1.2704248366013073,0.6344771241830083,-0.40000000000000036,0.3999999999999915
NJ,2020,7,35000000,35000000,1,Jul 2020,New Jersey,8882190,3.9404696364297545,0.011258484675513583,56.6,13.1,62.3,3.7,-5.699999999999996,9.399999999999999,4.070588235294117,-0.1666666666666643,4.212418300653594,-0.29003267973856,-3.200000000000001,3.5
NJ,2020,8,5000000,5000000,1,Aug 2020,New Jersey,8882190,0.5629242337756792,0.011258484675513583,56.8,11,62.3,3.7,-5.5,7.3,3.2294117647058824,-0.7058823529411811,3.3712418300653595,-0.8292483660130768,-2.0999999999999996,0.19999999999999574
NJ,2020,9,6910000,3455000,2,Sep 2020,New Jersey,8882190,0.7779612910779886,0.022516969351027167,57,7.8,62.3,3.7,-5.299999999999997,4.1,0.6725490196078425,-0.93333333333333,0.8143790849673196,-1.0566993464052257,-3.2,0.20000000000000284
NJ,2020,10,36813345,9203336.25,4,Oct 2020,New Jersey,8882190,4.144624805368946,0.045033938702054334,57.1,7.7,62.3,3.7,-5.199999999999996,4,1.2078431372549021,-1.4392156862745082,1.3496732026143792,-1.562581699346404,-0.09999999999999964,0.10000000000000142
NJ,2020,11,60177400,12035480,5,Nov 2020,New Jersey,8882190,6.775063357122511,0.056292423377567916,57.1,10.2,62.3,3.7,-5.199999999999996,6.499999999999999,3.9862745098039207,-1.390196078431373,4.128104575163398,-1.5135620915032686,2.499999999999999,0
NJ,2020,12,298798364,9337448.875,32,Dec 2020,New Jersey,8882190,33.6401680216253,0.36027150961643467,57.1,7.7,62.3,3.7,-5.199999999999996,4,1.662745098039216,-1.558823529411761,1.804575163398693,-1.6821895424836566,-2.499999999999999,0
NM,2020,10,3965222,3965222,1,Oct 2020,New Mexico,2096829,1.8910564476168539,0.04769106112134085,53,8.5,55.5,5.1,-2.5,3.4000000000000004,2.007843137254902,-5.53921568627451,0.5496732026143789,0.5290849673202604,-0.09999999999999964,0
NM,2020,11,1956391,1956391,1,Nov 2020,New Mexico,2096829,0.9330236275824113,0.04769106112134085,53,8.5,55.5,5.1,-2.5,3.4000000000000004,2.2862745098039214,-5.490196078431374,0.8281045751633984,0.5781045751633958,0,0
NM,2020,12,28027000,7006750,4,Dec 2020,New Mexico,2096829,13.366373700478198,0.1907642444853634,52.9,8.6,55.5,5.1,-2.6000000000000014,3.5,2.5627450980392155,-5.758823529411764,1.1045751633986924,0.3094771241830063,0.09999999999999964,-0.10000000000000142
NV,2020,7,10000000,10000000,1,Jul 2020,Nevada,3080156,3.2465888091382387,0.032465888091382386,50.8,16.6,62.6,3.7,-11.800000000000004,12.900000000000002,7.570588235294119,-5.966666666666669,7.237418300653596,-6.2316993464052315,1.200000000000001,-0.5
NV,2020,8,26600000,13300000,2,Aug 2020,Nevada,3080156,8.635926232307714,0.06493177618276477,52.4,14.5,62.6,3.7,-10.200000000000003,10.8,6.729411764705882,-5.10588235294118,6.396241830065359,-5.370915032679743,-2.1000000000000014,1.6000000000000014
NV,2020,10,8454192,2113548,4,Oct 2020,Nevada,3080156,2.7447285137506023,0.12986355236552954,54.5,12,62.6,3.7,-8.100000000000001,8.3,5.507843137254902,-4.03921568627451,5.174673202614379,-4.304248366013073,-1,0.8999999999999986
NV,2020,11,23900000,11950000,2,Nov 2020,Nevada,3080156,7.75934725384039,0.06493177618276477,55.2,8.7,62.6,3.7,-7.399999999999999,4.999999999999999,2.4862745098039207,-3.2901960784313715,2.1531045751633977,-3.555228758169934,-3.3000000000000007,0.7000000000000028
NV,2020,12,117143897,9011069,13,Dec 2020,Nevada,3080156,38.03180650590425,0.422056545187971,55.6,8.2,62.6,3.7,-7,4.499999999999999,2.162745098039215,-3.058823529411761,1.8295751633986923,-3.3238562091503234,-0.5,0.3999999999999986
NY,2020,7,48500000,48500000,1,Jul 2020,New York,19453561,2.4931168129063876,0.005140447036920386,51.4,14.7,58.6,3.8,-7.200000000000003,10.899999999999999,5.670588235294117,-5.366666666666667,5.420751633986928,-2.165032679738562,-0.3000000000000007,0.7999999999999972
NY,2020,8,9500000,4750000,2,Aug 2020,New York,19453561,0.4883424685074368,0.010280894073840773,53.3,11.7,58.6,3.8,-5.300000000000004,7.8999999999999995,3.9294117647058817,-4.205882352941181,3.679575163398692,-1.0042483660130759,-3,1.8999999999999986
NY,2020,9,8100000,2700000,3,Sep 2020,New York,19453561,0.41637620999055136,0.01542134111076116,53.8,10,58.6,3.8,-4.800000000000004,6.2,2.8725490196078427,-4.133333333333333,2.622712418300653,-0.9316993464052277,-1.6999999999999993,0.5
NY,2020,10,70084823,7787202.555555556,9,Oct 2020,New York,19453561,3.602673207234398,0.04626402333228348,54.2,8.7,58.6,3.8,-4.399999999999999,4.8999999999999995,2.2078431372549012,-4.339215686274507,1.9580065359477117,-1.1375816993464016,-1.3000000000000007,0.4000000000000057
NY,2020,11,52436000,5826222.222222222,9,Nov 2020,New York,19453561,2.695444808279574,0.04626402333228348,54.4,8.7,58.6,3.8,-4.200000000000003,4.8999999999999995,2.4862745098039207,-4.090196078431376,2.236437908496731,-0.8885620915032706,0,0.19999999999999574
NY,2020,12,536878663,16269050.393939395,33,Dec 2020,New York,19453561,27.59796332404129,0.16963475221837276,54.6,8.7,58.6,3.8,-4,4.8999999999999995,2.662745098039215,-4.058823529411761,2.4129084967320256,-0.8571895424836558,0,0.20000000000000284
OH,2020,9,25093650,12546825,2,Sep 2020,Ohio,11689100,2.1467563798752685,0.017109957139557364,56.7,7.4,60.8,4.5,-4.099999999999994,2.9000000000000004,0.27254901960784306,-1.2333333333333272,-0.3272875816993466,-0.19003267973855564,-1.5999999999999996,-0.29999999999999716
OH,2020,10,325000,325000,1,Oct 2020,Ohio,11689100,0.02780368035178072,0.008554978569778682,58.1,5.6,60.8,4.5,-2.6999999999999957,1.0999999999999996,-0.8921568627450984,-0.43921568627450824,-1.491993464052288,0.6040849673202633,-1.8000000000000007,1.3999999999999986
OH,2020,11,68042021,8505252.625,8,Nov 2020,Ohio,11689100,5.820980314994311,0.06843982855822946,58.4,5.6,60.8,4.5,-2.3999999999999986,1.0999999999999996,-0.6137254901960789,-0.09019607843137578,-1.2135620915032685,0.9531045751633958,0,0.29999999999999716
OH,2020,12,262067799,15415752.88235294,17,Dec 2020,Ohio,11689100,22.419844042740674,0.1454346356862376,58.8,5.6,60.8,4.5,-2,1.0999999999999996,-0.43725490196078454,0.1411764705882348,-1.0370915032679742,1.1844771241830063,0,0.3999999999999986
OK,2020,7,8465865,2821955,3,Jul 2020,Oklahoma,3956971,2.1394811839662204,0.07581556700819896,56.2,7.2,58.9,3.1,-2.6999999999999957,4.1,-1.829411764705882,-0.5666666666666629,-1.3542483660130717,2.051633986928108,-0.9999999999999991,0.9000000000000057
OK,2020,8,29792068.46,3724008.5575,8,Aug 2020,Oklahoma,3956971,7.529008542139935,0.2021748453551972,56.9,6.3,58.9,3.1,-2,3.1999999999999997,-1.4705882352941178,-0.6058823529411796,-0.9954248366013074,2.012418300653591,-0.9000000000000004,0.6999999999999957
OK,2020,9,107434818,10743481.8,10,Sep 2020,Oklahoma,3956971,27.150772143642197,0.25271855669399645,57.4,5.7,58.9,3.1,-1.5,2.6,-1.4274509803921571,-0.5333333333333314,-0.9522875816993468,2.0849673202614394,-0.5999999999999996,0.5
OK,2020,10,156535447.54,19566930.9425,8,Oct 2020,Oklahoma,3956971,39.5594123737576,0.2021748453551972,57.7,5.2,58.9,3.1,-1.1999999999999957,2.1,-1.292156862745098,-0.8392156862745068,-0.8169934640522876,1.779084967320264,-0.5,0.30000000000000426
OK,2020,11,105367224.16,13170903.02,8,Nov 2020,Oklahoma,3956971,26.628252812567997,0.2021748453551972,57.9,4.8,58.9,3.1,-1,1.6999999999999997,-1.4137254901960787,-0.5901960784313758,-0.9385620915032684,2.028104575163395,-0.40000000000000036,0.19999999999999574
OK,2020,12,173520219,5103535.852941177,34,Dec 2020,Oklahoma,3956971,43.85177930290619,0.859243092759588,58,4.5,58.9,3.1,-0.8999999999999986,1.4,-1.5372549019607842,-0.6588235294117624,-1.0620915032679739,1.9594771241830085,-0.2999999999999998,0.10000000000000142
OR,2020,9,21965678,5491419.5,4,Sep 2020,Oregon,4217737,5.207929750005749,0.0948375870757233,56.5,7.5,59.4,3.4,-2.8999999999999986,4.1,0.3725490196078427,-1.43333333333333,0.23104575163398647,0.6766339869281075,-0.9000000000000004,1
OR,2020,10,1000000,1000000,1,Oct 2020,Oregon,4217737,0.23709396768930827,0.023709396768930826,57.2,7,59.4,3.4,-2.1999999999999957,3.6,0.5078431372549019,-1.3392156862745068,0.36633986928104567,0.7707516339869307,-0.5,0.7000000000000028
OR,2020,11,3613351,1204450.3333333333,3,Nov 2020,Oregon,4217737,0.8567037252441297,0.07112819030679247,57.7,6.6,59.4,3.4,-1.6999999999999957,3.1999999999999997,0.3862745098039211,-0.7901960784313715,0.24477124183006485,1.319771241830066,-0.40000000000000036,0.5
OR,2020,12,51100000,12775000,4,Dec 2020,Oregon,4217737,12.115501748923652,0.0948375870757233,58.1,6.3,59.4,3.4,-1.2999999999999972,2.9,0.26274509803921564,-0.5588235294117609,0.12124183006535941,1.5511437908496766,-0.2999999999999998,0.3999999999999986
PA,2020,7,53844000,17948000,3,Jul 2020,Pennsylvania,12801989,4.205908941180937,0.023433858598066286,54.4,13,60.5,4.8,-6.100000000000001,8.2,3.9705882352941178,-2.366666666666667,3.087418300653595,-1.148366013071895,-0.3000000000000007,0.19999999999999574
PA,2020,8,81750000,27250000,3,Aug 2020,Pennsylvania,12801989,6.385726467973063,0.023433858598066286,54.6,10.2,60.5,4.8,-5.899999999999999,5.3999999999999995,2.4294117647058817,-2.905882352941177,1.5462418300653589,-1.6875816993464046,-2.8000000000000007,0.20000000000000284
PA,2020,9,35000000,35000000,1,Sep 2020,Pennsylvania,12801989,2.7339501697744,0.007811286199355429,57.1,7.1,60.5,4.8,-3.3999999999999986,2.3,-0.027450980392157653,-0.8333333333333286,-0.9106209150326805,0.38496732026144365,-3.0999999999999996,2.5
PA,2020,10,6087500,3043750,2,Oct 2020,Pennsylvania,12801989,0.4755120473857617,0.015622572398710857,57.1,7,60.5,4.8,-3.3999999999999986,2.2,0.5078431372549019,-1.4392156862745082,-0.3753267973856209,-0.220915032679736,-0.09999999999999964,0
PA,2020,11,18052671,4513167.75,4,Nov 2020,Pennsylvania,12801989,1.4101457984380397,0.031245144797421714,57.1,7.1,60.5,4.8,-3.3999999999999986,2.3,0.8862745098039211,-1.390196078431373,0.0031045751633982377,-0.1718954248366007,0.09999999999999964,0
PA,2020,12,206952011.76,5446105.572631579,38,Dec 2020,Pennsylvania,12801989,16.1656139338973,0.2968288755755063,57,7.1,60.5,4.8,-3.5,2.3,1.0627450980392155,-1.6588235294117624,0.17957516339869262,-0.4405228758169901,0,-0.10000000000000142
PR,2020,12,73148500,14629700,5,Dec 2020,NA,NA,NA,NA,NA,NA,NA,NA,NA,NA,NA,NA,NA,NA,NA,NA
RI,2020,10,25000000,25000000,1,Oct 2020,Rhode Island,1059361,23.599131929531104,0.094396527718124415,57.5,7.3,62.6,3.8,-5.100000000000001,3.5,0.8078431372549018,-1.0392156862745097,0.7663398692810455,-1.8292483660130734,-3.6000000000000005,0
RI,2020,12,28800000,28800000,1,Dec 2020,Rhode Island,1059361,27.186199982819833,0.094396527718124415,57.4,7.9,62.6,3.8,-5.200000000000003,4.1000000000000005,1.8627450980392162,-1.2588235294117638,1.82124183006536,-2.0488562091503275,0,0
SC,2020,9,4000000,2000000,2,Sep 2020,South Carolina,5148714,0.7768930261032172,0.03884465130516086,55.3,5.4,56.1,2.6,-0.8000000000000043,2.8000000000000003,-1.727450980392157,-2.633333333333333,-0.91062091503268,2.401633986928103,0,0.3999999999999986
SC,2020,12,8744568,2186142,4,Dec 2020,South Carolina,5148714,1.6983984738713396,0.07768930261032173,53.5,5.6,56.1,2.6,-2.6000000000000014,2.9999999999999996,-0.43725490196078454,-5.158823529411762,0.37957516339869246,-0.12385620915032636,0,0.10000000000000142
SD,2020,8,5000000,5000000,1,Aug 2020,South Dakota,884659,5.651895250034194,0.11303790500068388,63.5,4.7,66.5,2.9,-3,1.8000000000000003,-3.0705882352941174,5.994117647058822,-2.4870915032679735,0.9540849673202603,-0.7000000000000002,0.20000000000000284
SD,2020,9,6500000,6500000,1,Sep 2020,South Dakota,884659,7.347463825044452,0.11303790500068388,67,4,66.5,2.9,0.5,1.1,-3.1274509803921573,9.06666666666667,-2.5439542483660134,4.0266339869281085,-0.7000000000000002,3.5
SD,2020,10,2935000,733750,4,Oct 2020,South Dakota,884659,3.317662511770072,0.4521516200027355,67,3.7,66.5,2.9,0.5,0.8000000000000003,-2.792156862745098,8.46078431372549,-2.208660130718954,3.420751633986929,-0.2999999999999998,0
SD,2020,11,10576946,2115389.2,5,Nov 2020,South Dakota,884659,11.955958171453634,0.5651895250034195,64.4,3.6,66.5,2.9,-2.0999999999999943,0.7000000000000002,-2.6137254901960785,5.909803921568631,-2.030228758169935,0.8697712418300698,-0.10000000000000009,-2.5999999999999943
SD,2020,12,16183000,4045750,4,Dec 2020,South Dakota,884659,18.292924166260672,0.4521516200027355,66.8,3.3,66.5,2.9,0.29999999999999716,0.3999999999999999,-2.7372549019607844,8.141176470588235,-2.1537581699346404,3.1011437908496733,-0.30000000000000027,2.3999999999999915
TN,2020,10,65740000,16435000,4,Oct 2020,Tennessee,6829174,9.626347198065242,0.058572237286676244,57.4,7.8,59.4,3.7,-2,4.1,1.3078431372549018,-1.139215686274511,1.4996732026143789,0.7040849673202605,-0.10000000000000053,0.10000000000000142
TN,2020,11,29350000,9783333.333333334,3,Nov 2020,Tennessee,6829174,4.29773791090987,0.04392917796500719,57.3,5.6,59.4,3.7,-2.1000000000000014,1.8999999999999995,-0.6137254901960789,-1.1901960784313772,-0.4218954248366017,0.6531045751633944,-2.2,-0.10000000000000142
TN,2020,12,123327617,8221841.133333334,15,Dec 2020,Tennessee,6829174,18.058936117310818,0.21964588982503594,57.2,5.6,59.4,3.7,-2.1999999999999957,1.8999999999999995,-0.43725490196078454,-1.4588235294117595,-0.24542483660130734,0.38447712418301205,0,-0.09999999999999432
TX,2020,7,118075000,19679166.666666668,6,Jul 2020,Texas,28995881,4.072130107031409,0.0206925942343328,57,9.3,61.8,3.6,-4.799999999999997,5.700000000000001,0.27058823529411846,0.23333333333333428,0.3290849673202622,0.1016339869281051,-0.8999999999999986,0.29999999999999716
TX,2020,8,62680678,5223389.833333333,12,Aug 2020,Texas,28995881,2.1617097269781183,0.0413851884686656,58.8,6.9,61.8,3.6,-3,3.3000000000000003,-0.8705882352941172,1.294117647058819,-0.8120915032679735,1.1624183006535898,-2.4000000000000004,1.7999999999999972
TX,2020,9,386601443.74,16108393.489166666,24,Sep 2020,Texas,28995881,13.332978009531768,0.0827703769373312,57.6,7.9,61.8,3.6,-4.199999999999996,4.300000000000001,0.7725490196078431,-0.3333333333333286,0.8310457516339868,-0.4650326797385578,1,-1.1999999999999957
TX,2020,10,467671960.1,15086192.261290323,31,Oct 2020,Texas,28995881,16.1289101752073,0.10691173687738613,58.9,7.3,61.8,3.6,-2.8999999999999986,3.6999999999999997,0.8078431372549018,0.3607843137254889,0.8663398692810454,0.22908496732025974,-0.6000000000000005,1.2999999999999972
TX,2020,11,381035937.05,9770152.232051281,39,Nov 2020,Texas,28995881,13.141036723457377,0.1345018625231632,57.9,7.2,61.8,3.6,-3.8999999999999986,3.6,0.9862745098039216,-0.5901960784313758,1.0447712418300654,-0.721895424836605,-0.09999999999999964,-1
TX,2020,12,1677620637.15,12709247.251136364,132,Dec 2020,Texas,28995881,57.857205206146354,0.45523707315532164,58.6,6.9,61.8,3.6,-3.1999999999999957,3.3000000000000003,0.8627450980392162,-0.058823529411760944,0.9212418300653599,-0.19052287581699012,-0.2999999999999998,0.7000000000000028
TX,2021,1,12000000,12000000,1,Jan 2021,Texas,28995881,0.413851884686656,0.0034487657057221334,58.3,6.8,61.8,3.6,-3.5,3.1999999999999997,1.0176470588235293,-0.48823529411765065,1.0761437908496732,-0.6199346405228798,-0.10000000000000053,-0.30000000000000426
USVI,2020,12,2150000,2150000,1,Dec 2020,NA,NA,NA,NA,NA,NA,NA,NA,NA,NA,NA,NA,NA,NA,NA,NA
UT,2020,8,3500000,3500000,1,Aug 2020,Utah,3205958,1.091717358742691,0.03119192453550546,65,4.8,66.9,2.4,-1.9000000000000057,2.4,-2.9705882352941178,7.494117647058822,-1.9454248366013074,2.3540849673202597,-0.6000000000000005,0.20000000000000284
UT,2020,9,33975000,16987500,2,Sep 2020,Utah,3205958,10.59745636093798,0.06238384907101092,65.2,4.2,66.9,2.4,-1.7000000000000028,1.8000000000000003,-2.927450980392157,7.266666666666673,-1.9022875816993468,2.126633986928111,-0.5999999999999996,0.20000000000000284
UT,2020,10,51705050,8617508.333333334,6,Oct 2020,Utah,3205958,16.127800177045362,0.18715154721303273,65.2,3.8,66.9,2.4,-1.7000000000000028,1.4,-2.6921568627450982,6.660784313725493,-1.6669934640522879,1.5207516339869311,-0.40000000000000036,0
UT,2020,11,7955000,1988750,4,Nov 2020,Utah,3205958,2.481317596799459,0.12476769814202184,65.1,3.5,66.9,2.4,-1.8000000000000114,1.1,-2.7137254901960786,6.60980392156862,-1.6885620915032682,1.469771241830058,-0.2999999999999998,-0.10000000000000853
UT,2020,12,199024067.37,16585338.9475,12,Dec 2020,Utah,3205958,62.07943690154394,0.37430309442606546,65,3.3,66.9,2.4,-1.9000000000000057,0.8999999999999999,-2.7372549019607844,6.341176470588238,-1.712091503267974,1.2011437908496756,-0.20000000000000018,-0.09999999999999432
VA,2020,7,4000000,4000000,1,Jul 2020,Virginia,8535519,0.46862996848814936,0.011715749212203733,59.1,7.9,64.7,2.5,-5.600000000000001,5.4,-1.129411764705882,2.3333333333333357,-0.22924836601307153,-0.49836601307189143,-0.9000000000000004,0.5
VA,2020,8,7249000,7249000,1,Aug 2020,Virginia,8535519,0.8492746603926487,0.011715749212203733,60.5,7,64.7,2.5,-4.200000000000003,4.5,-0.7705882352941176,2.9941176470588218,0.1295751633986928,0.16241830065359464,-0.9000000000000004,1.3999999999999986
VA,2020,9,34450930,11483643.333333334,3,Sep 2020,Virginia,8535519,4.0361845600718596,0.0351472476366112,59.7,6.6,64.7,2.5,-5,4.1,-0.5274509803921577,1.7666666666666728,0.3727124183006527,-1.0650326797385543,-0.40000000000000036,-0.7999999999999972
VA,2020,10,1100000,550000,2,Oct 2020,Virginia,8535519,0.12887324133424108,0.023431498424407466,59.8,6.1,64.7,2.5,-4.900000000000006,3.5999999999999996,-0.3921568627450984,1.2607843137254875,0.508006535947712,-1.5709150326797396,-0.5,0.09999999999999432
VA,2020,11,10879893,3626631,3,Nov 2020,Virginia,8535519,1.2746609784361091,0.0351472476366112,59.7,5.8,64.7,2.5,-5,3.3,-0.41372549019607874,1.2098039215686285,0.48643790849673163,-1.6218954248365987,-0.2999999999999998,-0.09999999999999432
VA,2020,12,125318040,5012721.6,25,Dec 2020,Virginia,8535519,14.68194728404916,0.2928937303050933,59.6,5.6,64.7,2.5,-5.100000000000001,3.0999999999999996,-0.43725490196078454,0.9411764705882391,0.46290849673202583,-1.890522875816988,-0.20000000000000018,-0.10000000000000142
VT,2020,12,1000000,1000000,1,Dec 2020,Vermont,623989,1.602592353390845,0.16025923533908448,58.8,3.5,64.6,2.5,-5.799999999999997,1,-2.537254901960784,0.1411764705882348,-1.2787581699346404,-3.148856209150326,-0.20000000000000018,0
WA,2020,8,7920000,3960000,2,Aug 2020,Washington,7614893,1.040067142112174,0.026264321770509448,57.8,9.1,62.6,4,-4.800000000000004,5.1,1.329411764705882,0.29411764705881893,0.7379084967320259,-0.3292483660130774,-1.700000000000001,0.5
WA,2020,9,23000000,11500000,2,Sep 2020,Washington,7614893,3.0203970036085863,0.026264321770509448,58.2,8,62.6,4,-4.399999999999999,4,0.8725490196078427,0.2666666666666728,0.2810457516339865,-0.3566993464052235,-1.0999999999999996,0.4000000000000057
WA,2020,10,10500000,10500000,1,Oct 2020,Washington,7614893,1.378876892951746,0.013132160885254724,60.5,7,62.6,4,-2.1000000000000014,3,0.5078431372549019,1.9607843137254903,-0.08366013071895428,1.337418300653594,-1,2.299999999999997
WA,2020,11,84341581,16868316.2,5,Nov 2020,Washington,7614893,11.07587211008743,0.06566080442627362,58.6,6.7,62.6,4,-4,2.7,0.4862745098039216,0.10980392156862706,-0.1052287581699346,-0.5135620915032693,-0.2999999999999998,-1.8999999999999986
WA,2020,12,113390570,4930024.782608695,23,Dec 2020,Washington,7614893,14.890632081107377,0.30203970036085864,58.6,6.3,62.6,4,-4,2.3,0.26274509803921564,-0.058823529411760944,-0.3287581699346406,-0.6821895424836573,-0.40000000000000036,0
WI,2020,7,12300000,12300000,1,Jul 2020,Wisconsin,5822434,2.1125185789997794,0.017174947796746172,60.8,7.2,64.2,3.3,-3.4000000000000057,3.9000000000000004,-1.829411764705882,4.033333333333331,-1.5375816993464049,1.0599673202614373,-1.3999999999999995,0.8999999999999986
WI,2020,8,2000000,2000000,1,Aug 2020,Wisconsin,5822434,0.3434989559349234,0.017174947796746172,61.5,6.1,64.2,3.3,-2.700000000000003,2.8,-1.670588235294118,3.9941176470588218,-1.3787581699346407,1.0207516339869276,-1.1000000000000005,0.7000000000000028
WI,2020,10,6138980,3069490,2,Oct 2020,Wisconsin,5822434,1.054366610252688,0.034349895593492344,62.4,4.8,64.2,3.3,-1.8000000000000043,1.5,-1.6921568627450982,3.860784313725489,-1.400326797385621,0.8874183006535947,-0.40000000000000036,-1.3000000000000043
WI,2020,11,62826160,20942053.333333332,3,Nov 2020,Wisconsin,5822434,10.790360182700224,0.051524843390238516,62.7,4.4,64.2,3.3,-1.5,1.1000000000000005,-1.8137254901960782,4.2098039215686285,-1.521895424836601,1.2364379084967343,-0.39999999999999947,0.30000000000000426
WI,2020,12,90303400,9030340,10,Dec 2020,Wisconsin,5822434,15.509561808686883,0.1717494779674617,62.9,4,64.2,3.3,-1.3000000000000043,0.7000000000000002,-2.037254901960784,4.241176470588236,-1.745424836601307,1.267810457516342,-0.40000000000000036,0.19999999999999574
WV,2020,7,3600000,3600000,1,Jul 2020,West Virginia,1792147,2.008763790023921,0.05579899416733114,49.4,9.4,52.9,5,-3.5,4.4,0.3705882352941181,-7.366666666666667,-0.9625816993464049,1.8849673202614365,-1.0999999999999996,0.7999999999999972
WV,2020,11,11400000,11400000,1,Nov 2020,West Virginia,1792147,6.36108533507575,0.05579899416733114,51.3,7,52.9,5,-1.6000000000000014,2,0.7862745098039214,-7.190196078431377,-0.5468954248366016,2.0614379084967265,-0.40000000000000036,0.3999999999999986
WV,2020,12,53000000,26500000,2,Dec 2020,West Virginia,1792147,29.573466908685504,0.11159798833466228,51.6,6.7,52.9,5,-1.2999999999999972,1.7000000000000002,0.662745098039216,-7.058823529411761,-0.670424836601307,2.1928104575163427,-0.2999999999999998,0.30000000000000426
WY,2020,8,5000000,5000000,1,Aug 2020,Wyoming,578759,8.63917450959726,0.1727834901919452,61.2,6.2,63,4.4,-1.7999999999999972,1.7999999999999998,-1.5705882352941174,3.6941176470588246,-1.7370915032679737,2.1040849673202615,-0.5999999999999996,0.20000000000000284
WY,2020,12,9322400,4661200,2,Dec 2020,Wyoming,578759,16.1075680896539,0.3455669803838904,61.3,5.2,63,4.4,-1.7000000000000028,0.7999999999999998,-0.837254901960784,2.641176470588235,-1.0037581699346403,1.0511437908496717,-0.09999999999999964,0
